id,first,last,email,dob
1,Cloud,Strife,cloud@ff.edu,03/21/1955
2,Sepiroth,Evilguy,hair@amazon.co.jp,01/23/1963
3,Tifa,Loveheart,tifa@answers.com,01/21/1952
4,Judith,Kim,jkim3@joomla.org,05/05/1994
5,Theresa,Robertson,trobertson4@ox.ac.uk,08/05/2007
6,Nancy,Jacobs,njacobs5@jigsy.com,08/25/1975
7,Robin,Miller,rmiller6@bloglines.com,02/15/1966
8,Willie,Ramirez,wramirez7@rakuten.co.jp,05/19/1956
9,Edward,Porter,eporter8@wordpress.com,03/26/1997
10,Lori,Morgan,lmorgan9@networkadvertising.org,02/18/1955
11,Irene,West,iwesta@fda.gov,02/22/1998
12,Judith,Rogers,jrogersb@infoseek.co.jp,08/26/1980
13,Sandra,Howell,showellc@mac.com,09/30/1952
14,Ashley,Walker,awalkerd@t.co,08/21/1959
15,Willie,Morrison,wmorrisone@prweb.com,01/19/1985
16,Scott,Brown,sbrownf@guardian.co.uk,02/01/1955
17,Annie,Snyder,asnyderg@cornell.edu,09/04/1950
18,Robert,Hamilton,rhamiltonh@cafepress.com,08/26/1959
19,Nicholas,Washington,nwashingtoni@smh.com.au,12/24/1961
20,Brandon,Olson,bolsonj@dailymail.co.uk,08/21/1979
21,Alice,Burns,aburnsk@apple.com,04/20/1962
22,Henry,Reyes,hreyesl@who.int,12/22/2001
23,Christine,Armstrong,carmstrongm@netvibes.com,05/12/1963
24,Douglas,Jones,djonesn@tiny.cc,01/19/1956
25,Linda,Thomas,lthomaso@netlog.com,02/12/1983
26,Wanda,Garrett,wgarrettp@jimdo.com,03/17/1958
27,Juan,Long,jlongq@wix.com,01/07/1952
28,Jacqueline,Wood,jwoodr@time.com,06/27/1990
29,Frances,Bradley,fbradleys@ning.com,07/11/2005
30,Steven,Palmer,spalmert@nasa.gov,07/06/1987
31,Craig,Moore,cmooreu@etsy.com,02/10/1996
32,Roy,Gomez,rgomezv@un.org,11/20/1978
33,Kathleen,Williams,kwilliamsw@hhs.gov,09/14/1954
34,Kenneth,Knight,kknightx@phoca.cz,06/06/1996
35,Patricia,Riley,prileyy@amazon.com,08/07/1991
36,Billy,Morgan,bmorganz@gmpg.org,01/24/1996
37,Mark,Long,mlong10@tamu.edu,05/10/1959
38,Carolyn,Warren,cwarren11@so-net.ne.jp,10/10/1951
39,Gerald,Simmons,gsimmons12@jalbum.net,01/02/1999
40,Theresa,Rose,trose13@barnesandnoble.com,06/28/1970
41,Ashley,Cooper,acooper14@smugmug.com,06/30/1994
42,Daniel,Johnston,djohnston15@imdb.com,11/09/1968
43,Martin,Reed,mreed16@dailymail.co.uk,01/19/1967
44,Timothy,Mendoza,tmendoza17@google.com.br,10/18/2008
45,Thomas,Williams,twilliams18@technorati.com,02/10/1972
46,Kimberly,Jordan,kjordan19@deliciousdays.com,08/19/1970
47,Jimmy,Nelson,jnelson1a@army.mil,01/31/1955
48,Ann,Wagner,awagner1b@mysql.com,05/20/1998
49,Jerry,Simpson,jsimpson1c@goodreads.com,09/27/2003
50,Andrea,Andrews,aandrews1d@is.gd,04/11/1999
51,Kelly,Price,kprice1e@tripadvisor.com,11/25/1950
52,Kathryn,Sims,ksims1f@illinois.edu,11/24/1959
53,Steve,Morgan,smorgan1g@sciencedirect.com,06/04/1955
54,Aaron,Griffin,agriffin1h@chron.com,06/23/1984
55,Howard,Nichols,hnichols1i@prweb.com,08/13/1980
56,Chris,Turner,cturner1j@walmart.com,05/31/1991
57,Christopher,Rose,crose1k@mozilla.org,03/23/1990
58,Martin,Porter,mporter1l@eventbrite.com,07/07/1962
59,Keith,Owens,kowens1m@mit.edu,07/02/1954
60,Ann,Gomez,agomez1n@arizona.edu,04/30/1963
61,Katherine,Hanson,khanson1o@so-net.ne.jp,03/01/2007
62,Gloria,Day,gday1p@boston.com,07/17/1967
63,Henry,Arnold,harnold1q@epa.gov,12/13/2008
64,Doris,Sims,dsims1r@163.com,08/24/1986
65,Judy,Cox,jcox1s@sciencedaily.com,10/21/2007
66,Betty,Fuller,bfuller1t@telegraph.co.uk,10/08/1983
67,Nancy,Matthews,nmatthews1u@hexun.com,11/17/2002
68,Jason,Long,jlong1v@cnbc.com,02/06/2002
69,Katherine,Kelley,kkelley1w@prweb.com,07/10/1952
70,Sarah,Lynch,slynch1x@free.fr,08/04/1967
71,Emily,Webb,ewebb1y@surveymonkey.com,06/24/1960
72,Bonnie,Campbell,bcampbell1z@vkontakte.ru,03/13/1972
73,Kimberly,Sanders,ksanders20@dailymotion.com,06/02/1990
74,Raymond,Johnston,rjohnston21@salon.com,10/09/2011
75,Lori,Perkins,lperkins22@theguardian.com,04/15/2011
76,Linda,Hudson,lhudson23@google.de,11/12/1966
77,Aaron,Reyes,areyes24@amazon.de,03/20/1968
78,Judith,Coleman,jcoleman25@google.cn,11/06/1993
79,Henry,Stephens,hstephens26@pagesperso-orange.fr,09/06/1982
80,Lisa,Ford,lford27@reddit.com,12/17/1961
81,Jeffrey,Cook,jcook28@sakura.ne.jp,05/17/1978
82,Harold,Sims,hsims29@gov.uk,09/14/1953
83,Wanda,Butler,wbutler2a@slashdot.org,06/03/1983
84,Theresa,Richardson,trichardson2b@wordpress.org,07/06/1950
85,Todd,Smith,tsmith2c@biglobe.ne.jp,11/09/2013
86,Douglas,Lynch,dlynch2d@dropbox.com,10/20/1990
87,Michelle,Knight,mknight2e@sfgate.com,11/09/1994
88,Jane,Hernandez,jhernandez2f@chron.com,04/27/1968
89,Chris,Jordan,cjordan2g@seesaa.net,08/17/1969
90,Clarence,Shaw,cshaw2h@google.it,10/30/1981
91,Mark,Pierce,mpierce2i@csmonitor.com,01/23/1984
92,Donald,Sanders,dsanders2j@abc.net.au,12/21/1970
93,Howard,Barnes,hbarnes2k@washington.edu,09/07/1971
94,Martha,Ross,mross2l@netvibes.com,09/12/1991
95,Scott,Chapman,schapman2m@amazon.de,02/01/1984
96,Jerry,Bishop,jbishop2n@samsung.com,02/03/1979
97,Evelyn,Boyd,eboyd2o@blog.com,02/05/1961
98,Linda,Little,llittle2p@washington.edu,12/11/1972
99,Julie,Harper,jharper2q@zimbio.com,09/16/1975
100,Bruce,Wallace,bwallace2r@prnewswire.com,02/20/1980
101,Cheryl,Dean,cdean2s@liveinternet.ru,07/16/1995
102,Antonio,Richards,arichards2t@nature.com,03/04/1982
103,Walter,Foster,wfoster2u@youtu.be,10/23/1974
104,Patricia,Powell,ppowell2v@tinypic.com,01/22/1957
105,Diana,Gardner,dgardner2w@ustream.tv,07/16/2013
106,Raymond,Ruiz,rruiz2x@elegantthemes.com,09/19/1979
107,John,Tucker,jtucker2y@wsj.com,09/09/2010
108,Terry,Gutierrez,tgutierrez2z@printfriendly.com,07/18/1998
109,Anne,Jones,ajones30@wix.com,11/14/1985
110,Dorothy,Berry,dberry31@jimdo.com,08/08/1978
111,Norma,Clark,nclark32@mac.com,07/25/1959
112,Katherine,Hughes,khughes33@opera.com,04/24/1978
113,Andrew,Morales,amorales34@narod.ru,01/03/1960
114,Jeffrey,Franklin,jfranklin35@lycos.com,01/19/1994
115,Sharon,Fox,sfox36@washington.edu,12/18/1987
116,Annie,Welch,awelch37@google.ru,12/19/1983
117,Matthew,Franklin,mfranklin38@msu.edu,08/26/2014
118,Evelyn,Wilson,ewilson39@google.ru,06/18/1987
119,Johnny,Crawford,jcrawford3a@arstechnica.com,07/18/1960
120,Jane,Jackson,jjackson3b@tinypic.com,09/21/1988
121,Harry,Mills,hmills3c@jugem.jp,03/03/1974
122,Rachel,Lawson,rlawson3d@state.tx.us,06/18/1975
123,Melissa,Ford,mford3e@cyberchimps.com,10/08/1987
124,Dorothy,Rice,drice3f@vistaprint.com,08/04/1950
125,Ruby,Cook,rcook3g@msu.edu,05/01/2003
126,Richard,Ruiz,rruiz3h@house.gov,08/06/1980
127,Barbara,Ray,bray3i@ebay.co.uk,02/11/1951
128,Scott,Stevens,sstevens3j@dell.com,04/10/1969
129,Jonathan,Sullivan,jsullivan3k@moonfruit.com,06/10/1956
130,Alice,Mason,amason3l@sciencedirect.com,11/21/1959
131,Randy,Peters,rpeters3m@acquirethisname.com,09/13/1985
132,Michelle,Morales,mmorales3n@amazon.com,09/15/1995
133,Kathryn,Coleman,kcoleman3o@acquirethisname.com,10/04/2006
134,Kimberly,Pierce,kpierce3p@reference.com,01/12/1988
135,Bonnie,West,bwest3q@lycos.com,02/27/1984
136,Bobby,Johnston,bjohnston3r@youku.com,10/29/1988
137,Doris,Baker,dbaker3s@a8.net,01/06/1990
138,Phillip,George,pgeorge3t@stumbleupon.com,10/26/1984
139,Lisa,Evans,levans3u@e-recht24.de,02/26/1996
140,Heather,Washington,hwashington3v@omniture.com,11/01/1955
141,Louis,West,lwest3w@sourceforge.net,01/31/1957
142,Barbara,Daniels,bdaniels3x@chicagotribune.com,04/26/1977
143,Stephen,Garcia,sgarcia3y@hibu.com,10/29/1995
144,Frank,Oliver,foliver3z@home.pl,10/05/1995
145,Brian,Cruz,bcruz40@wunderground.com,02/01/1952
146,Stephanie,Gonzales,sgonzales41@barnesandnoble.com,06/04/1965
147,David,Ramos,dramos42@squarespace.com,12/27/1955
148,Jerry,Meyer,jmeyer43@so-net.ne.jp,11/22/2008
149,Jennifer,Austin,jaustin44@mail.ru,04/10/1982
150,Jack,Phillips,jphillips45@japanpost.jp,04/12/1993
151,Shirley,Franklin,sfranklin46@chron.com,11/07/1951
152,Harry,Black,hblack47@weather.com,07/20/1971
153,David,Grant,dgrant48@instagram.com,10/01/2014
154,Michael,Wagner,mwagner49@who.int,01/19/2011
155,Norma,Rodriguez,nrodriguez4a@cbc.ca,11/27/1985
156,Diane,Richards,drichards4b@yahoo.com,02/06/2011
157,Jonathan,Crawford,jcrawford4c@squarespace.com,12/25/2009
158,Teresa,Hughes,thughes4d@reverbnation.com,02/09/2002
159,Betty,Ross,bross4e@google.com,10/18/1957
160,Lisa,Hughes,lhughes4f@who.int,01/24/1995
161,Adam,Patterson,apatterson4g@wikipedia.org,01/22/2013
162,Jonathan,Romero,jromero4h@prlog.org,01/20/1952
163,Kenneth,Hunt,khunt4i@baidu.com,06/18/1953
164,Sandra,Hamilton,shamilton4j@paginegialle.it,12/04/2012
165,Lori,Adams,ladams4k@theatlantic.com,03/19/1959
166,Judy,Edwards,jedwards4l@globo.com,06/15/1988
167,Nicole,Gilbert,ngilbert4m@ibm.com,02/13/1953
168,Carl,Williams,cwilliams4n@deliciousdays.com,05/25/2004
169,Phillip,Moore,pmoore4o@businesswire.com,10/25/1983
170,Ernest,Wallace,ewallace4p@twitpic.com,06/02/2003
171,Katherine,Phillips,kphillips4q@springer.com,09/11/1972
172,Philip,Stevens,pstevens4r@springer.com,08/15/2000
173,Sean,Knight,sknight4s@cbsnews.com,03/25/2003
174,Alice,Ward,award4t@japanpost.jp,10/10/2007
175,Stephanie,Romero,sromero4u@google.fr,02/08/1998
176,Frances,Hunt,fhunt4v@google.cn,12/06/1991
177,Kevin,Baker,kbaker4w@godaddy.com,04/13/1963
178,Ryan,Peters,rpeters4x@vkontakte.ru,08/06/1974
179,Julie,Rice,jrice4y@photobucket.com,04/21/1999
180,Annie,Palmer,apalmer4z@ed.gov,03/23/1962
181,Ruth,Ward,rward50@chronoengine.com,09/03/1961
182,Maria,Hamilton,mhamilton51@slate.com,03/18/1968
183,Judith,Johnston,jjohnston52@bizjournals.com,09/01/1987
184,Johnny,Coleman,jcoleman53@bbb.org,12/23/1992
185,Gary,Davis,gdavis54@skyrock.com,08/26/1986
186,Lois,James,ljames55@slideshare.net,10/07/1984
187,Ruth,Smith,rsmith56@wsj.com,04/03/1997
188,Antonio,Simpson,asimpson57@hp.com,04/13/1952
189,Shawn,Williamson,swilliamson58@sbwire.com,11/22/2007
190,Sarah,Fernandez,sfernandez59@infoseek.co.jp,06/10/1966
191,Roy,Murray,rmurray5a@engadget.com,04/18/1978
192,Gregory,Hayes,ghayes5b@hugedomains.com,11/01/2007
193,Jonathan,Walker,jwalker5c@kickstarter.com,07/22/2009
194,Pamela,Palmer,ppalmer5d@addtoany.com,10/30/1967
195,Johnny,Payne,jpayne5e@360.cn,06/10/1959
196,Anne,Mendoza,amendoza5f@deliciousdays.com,10/30/1987
197,Phyllis,Gonzales,pgonzales5g@adobe.com,05/31/2003
198,Brandon,Stanley,bstanley5h@rakuten.co.jp,11/23/1967
199,Ruth,Moreno,rmoreno5i@intel.com,01/17/1979
200,Norma,George,ngeorge5j@networksolutions.com,08/28/1987
201,Phyllis,Alexander,palexander5k@si.edu,11/06/1987
202,Roy,Gray,rgray5l@usgs.gov,10/17/1963
203,Debra,Riley,driley5m@edublogs.org,10/06/2008
204,Juan,Griffin,jgriffin5n@hao123.com,10/28/1979
205,Raymond,Lopez,rlopez5o@netscape.com,10/27/1962
206,Katherine,Richardson,krichardson5p@dot.gov,05/17/1955
207,Alice,Frazier,afrazier5q@time.com,06/12/2002
208,Benjamin,Parker,bparker5r@dmoz.org,10/11/1990
209,Matthew,Stanley,mstanley5s@nih.gov,05/12/1959
210,Fred,Andrews,fandrews5t@biglobe.ne.jp,09/05/2009
211,Tina,Richards,trichards5u@prnewswire.com,03/21/1951
212,Amy,Griffin,agriffin5v@bizjournals.com,02/18/1999
213,Julie,Lewis,jlewis5w@meetup.com,05/12/1978
214,Sandra,Sanders,ssanders5x@wp.com,12/09/2004
215,Ralph,Ryan,rryan5y@fema.gov,03/13/1988
216,Steve,Ward,sward5z@chron.com,03/25/1995
217,Aaron,Sanders,asanders60@icq.com,02/03/2013
218,Karen,Marshall,kmarshall61@goodreads.com,08/11/1967
219,Jason,Thompson,jthompson62@hud.gov,05/13/1983
220,Juan,Medina,jmedina63@ucoz.ru,10/19/1983
221,Shirley,Stevens,sstevens64@marketwatch.com,06/12/1967
222,Joshua,Larson,jlarson65@hud.gov,04/02/1983
223,Katherine,Gardner,kgardner66@senate.gov,09/23/1959
224,Shirley,Kim,skim67@weebly.com,06/15/2005
225,Mark,Scott,mscott68@nature.com,07/25/1974
226,Janet,Jenkins,jjenkins69@myspace.com,06/22/2014
227,Carolyn,Hall,chall6a@squarespace.com,11/06/1967
228,Alan,Ruiz,aruiz6b@surveymonkey.com,01/25/1978
229,Jennifer,Weaver,jweaver6c@lulu.com,06/19/1963
230,Shawn,Owens,sowens6d@mac.com,09/12/1992
231,Jason,Crawford,jcrawford6e@alexa.com,06/12/1966
232,Carlos,Thomas,cthomas6f@miitbeian.gov.cn,08/31/1980
233,Jimmy,Baker,jbaker6g@amazon.co.uk,07/23/1953
234,Susan,Ramos,sramos6h@msu.edu,10/16/1961
235,Brandon,Chavez,bchavez6i@mtv.com,12/07/1996
236,Todd,Washington,twashington6j@xinhuanet.com,06/02/1950
237,Diana,Woods,dwoods6k@unblog.fr,08/21/1953
238,Anna,Day,aday6l@hatena.ne.jp,12/09/1979
239,Thomas,Watson,twatson6m@com.com,12/12/1990
240,Joe,Phillips,jphillips6n@howstuffworks.com,05/20/2007
241,Helen,Medina,hmedina6o@va.gov,01/24/1991
242,Sean,Baker,sbaker6p@businessweek.com,09/22/2011
243,Susan,King,sking6q@soup.io,06/08/1972
244,Earl,Dean,edean6r@nationalgeographic.com,11/24/1967
245,Jack,James,jjames6s@bloglines.com,05/16/2013
246,Patrick,Harris,pharris6t@washingtonpost.com,12/10/1979
247,Ryan,Porter,rporter6u@goo.gl,08/11/1976
248,Kevin,Hayes,khayes6v@omniture.com,03/09/1957
249,Melissa,Robertson,mrobertson6w@github.com,04/26/2000
250,Cynthia,Palmer,cpalmer6x@europa.eu,03/14/2003
251,Jean,George,jgeorge6y@51.la,06/27/1955
252,Kenneth,Jenkins,kjenkins6z@ucoz.ru,07/10/1987
253,Wanda,Carr,wcarr70@usgs.gov,06/01/1961
254,Lillian,Carroll,lcarroll71@deliciousdays.com,06/23/1952
255,Martin,Burns,mburns72@slashdot.org,01/19/1995
256,Jack,Matthews,jmatthews73@wikimedia.org,03/30/1974
257,Bonnie,Carpenter,bcarpenter74@omniture.com,02/27/1955
258,Joe,Ramos,jramos75@berkeley.edu,05/20/2002
259,Kenneth,Thompson,kthompson76@hhs.gov,06/04/2001
260,Pamela,Carr,pcarr77@harvard.edu,04/06/1977
261,Jesse,Matthews,jmatthews78@sakura.ne.jp,03/22/1975
262,Adam,Burke,aburke79@stanford.edu,08/19/2013
263,Michelle,Mcdonald,mmcdonald7a@indiegogo.com,12/10/1958
264,Louis,Martinez,lmartinez7b@technorati.com,07/28/1960
265,Anne,Banks,abanks7c@huffingtonpost.com,05/17/1991
266,Maria,Green,mgreen7d@statcounter.com,07/02/2005
267,Elizabeth,Snyder,esnyder7e@columbia.edu,05/23/1960
268,Terry,Ryan,tryan7f@auda.org.au,07/23/1970
269,Irene,Adams,iadams7g@histats.com,06/27/2000
270,Margaret,Hill,mhill7h@bizjournals.com,09/13/1980
271,Doris,Fuller,dfuller7i@pagesperso-orange.fr,05/03/1978
272,Julie,Fox,jfox7j@icio.us,07/12/2006
273,Ralph,Alexander,ralexander7k@topsy.com,12/09/1996
274,Keith,Kelley,kkelley7l@loc.gov,09/27/1974
275,Benjamin,Burke,bburke7m@smugmug.com,10/27/1958
276,Janet,White,jwhite7n@imdb.com,09/27/1951
277,Carl,Holmes,cholmes7o@flavors.me,11/14/1953
278,Catherine,Day,cday7p@nps.gov,07/20/1963
279,George,Foster,gfoster7q@livejournal.com,05/26/1952
280,Sarah,Garza,sgarza7r@yellowbook.com,10/12/1971
281,Bobby,Parker,bparker7s@hatena.ne.jp,06/09/1965
282,Peter,Hudson,phudson7t@icio.us,12/22/1978
283,Brandon,Black,bblack7u@bloomberg.com,08/02/1973
284,Carlos,Smith,csmith7v@twitter.com,03/30/1958
285,Kathleen,Johnston,kjohnston7w@barnesandnoble.com,10/13/1998
286,Albert,Washington,awashington7x@mac.com,04/27/1954
287,Susan,Austin,saustin7y@mashable.com,12/31/1977
288,Aaron,Ramos,aramos7z@biblegateway.com,09/27/1953
289,Victor,Harrison,vharrison80@nifty.com,09/27/1999
290,Jeffrey,Berry,jberry81@slashdot.org,09/26/1966
291,Barbara,Lynch,blynch82@mlb.com,06/24/2010
292,Rose,Kim,rkim83@ca.gov,03/30/1980
293,Paula,Ramirez,pramirez84@theglobeandmail.com,01/25/1987
294,Jacqueline,Romero,jromero85@edublogs.org,05/14/2006
295,Fred,Gonzales,fgonzales86@youku.com,07/18/2007
296,Justin,Smith,jsmith87@printfriendly.com,02/03/1984
297,Ernest,Harris,eharris88@google.de,03/20/1980
298,Roy,Roberts,rroberts89@vinaora.com,12/26/1962
299,Aaron,Burns,aburns8a@oaic.gov.au,02/26/1954
300,Ryan,Davis,rdavis8b@ox.ac.uk,07/05/1980
301,Martin,Martinez,mmartinez8c@wp.com,02/15/1969
302,Ryan,Morgan,rmorgan8d@google.ru,09/19/1985
303,Cynthia,Ramirez,cramirez8e@imgur.com,01/15/1978
304,Sean,Harris,sharris8f@oaic.gov.au,09/23/1975
305,Ronald,Cole,rcole8g@arizona.edu,02/18/1982
306,Ashley,Sanchez,asanchez8h@usatoday.com,01/23/2011
307,Robin,Watkins,rwatkins8i@nymag.com,04/30/1999
308,Lillian,Perez,lperez8j@un.org,06/08/1988
309,Kathy,Duncan,kduncan8k@oracle.com,07/17/1962
310,Diana,Hamilton,dhamilton8l@devhub.com,08/31/1963
311,Anna,Wilson,awilson8m@multiply.com,08/25/2014
312,Sara,Harper,sharper8n@apache.org,08/25/2006
313,Jonathan,Alexander,jalexander8o@github.io,06/11/1977
314,Juan,Garza,jgarza8p@flavors.me,06/10/1999
315,Shawn,Reynolds,sreynolds8q@hhs.gov,07/24/2002
316,Michelle,Webb,mwebb8r@seattletimes.com,07/24/1959
317,Clarence,Woods,cwoods8s@google.ca,12/30/1956
318,Ronald,Foster,rfoster8t@bloglovin.com,06/23/1959
319,Benjamin,Dean,bdean8u@aboutads.info,03/07/1960
320,Donna,Fox,dfox8v@vimeo.com,02/22/1969
321,Gerald,Vasquez,gvasquez8w@gov.uk,07/06/1968
322,Robert,Sanders,rsanders8x@tuttocitta.it,10/21/1989
323,Benjamin,Evans,bevans8y@examiner.com,04/10/1988
324,Virginia,Bradley,vbradley8z@tripod.com,10/23/1968
325,Alan,Powell,apowell90@sciencedirect.com,12/25/1987
326,Tammy,Bradley,tbradley91@slashdot.org,06/23/1973
327,Nancy,Harvey,nharvey92@eepurl.com,08/15/1973
328,Doris,Wallace,dwallace93@tumblr.com,02/05/2006
329,Jeremy,Mason,jmason94@123-reg.co.uk,02/17/2010
330,Anne,Schmidt,aschmidt95@cbsnews.com,06/26/1972
331,Jason,Stanley,jstanley96@illinois.edu,06/11/1991
332,Louis,Reyes,lreyes97@bloglovin.com,05/18/1975
333,Steve,Morgan,smorgan98@cbsnews.com,10/12/1977
334,Todd,Evans,tevans99@loc.gov,10/21/1985
335,Robin,Price,rprice9a@ucsd.edu,08/01/1967
336,Alan,King,aking9b@buzzfeed.com,07/21/2010
337,Evelyn,Marshall,emarshall9c@jalbum.net,11/08/1978
338,Joshua,Fields,jfields9d@nih.gov,09/28/2000
339,Larry,Hansen,lhansen9e@jiathis.com,06/23/1972
340,Brandon,Duncan,bduncan9f@cargocollective.com,05/10/1992
341,Brenda,Kelly,bkelly9g@vinaora.com,09/11/1950
342,Norma,Gordon,ngordon9h@marketwatch.com,01/26/1979
343,Anthony,Nguyen,anguyen9i@163.com,07/08/1965
344,Robin,Dixon,rdixon9j@imgur.com,06/03/1989
345,Phillip,Rose,prose9k@baidu.com,01/15/2015
346,Phyllis,Ramirez,pramirez9l@weebly.com,06/29/1984
347,Denise,Mills,dmills9m@dedecms.com,03/30/1994
348,Anne,Gonzalez,agonzalez9n@bigcartel.com,06/21/1964
349,Sarah,Oliver,soliver9o@tinyurl.com,12/28/1985
350,Ann,Washington,awashington9p@sun.com,12/30/1997
351,Daniel,Carter,dcarter9q@facebook.com,08/17/1990
352,Donna,Holmes,dholmes9r@gizmodo.com,06/23/1977
353,Virginia,Chavez,vchavez9s@storify.com,09/28/1980
354,James,Harvey,jharvey9t@youtube.com,12/29/1956
355,Lisa,Morales,lmorales9u@answers.com,09/17/1988
356,Sean,Powell,spowell9v@ezinearticles.com,07/21/1997
357,Debra,Reyes,dreyes9w@webeden.co.uk,02/05/1969
358,Gary,Rice,grice9x@ameblo.jp,09/09/1986
359,Russell,Lawson,rlawson9y@tiny.cc,03/17/1956
360,Charles,Stanley,cstanley9z@state.gov,02/25/2009
361,Ashley,Lopez,alopeza0@hhs.gov,06/09/2010
362,Todd,Garcia,tgarciaa1@alexa.com,08/31/2012
363,Anne,Mason,amasona2@irs.gov,09/22/1951
364,Randy,Morris,rmorrisa3@answers.com,05/17/2007
365,Andrea,Hansen,ahansena4@360.cn,07/19/2014
366,Karen,Wagner,kwagnera5@usda.gov,03/12/1995
367,Frances,Sims,fsimsa6@wufoo.com,09/20/1954
368,Ronald,Miller,rmillera7@indiegogo.com,03/08/1975
369,Frank,Ford,fforda8@qq.com,07/10/2013
370,Kevin,Chavez,kchaveza9@si.edu,10/31/2013
371,Christopher,Ellis,cellisaa@php.net,09/19/1972
372,Marie,Mason,mmasonab@yale.edu,07/19/1970
373,Elizabeth,Burke,eburkeac@uiuc.edu,12/21/1972
374,Wanda,Crawford,wcrawfordad@moonfruit.com,11/30/1969
375,Sharon,Burton,sburtonae@tiny.cc,04/07/1976
376,Karen,Watson,kwatsonaf@drupal.org,03/01/1956
377,Andrew,Walker,awalkerag@chron.com,02/07/2014
378,Jose,Myers,jmyersah@skype.com,05/14/1960
379,Juan,Young,jyoungai@cmu.edu,04/09/1955
380,Linda,Gordon,lgordonaj@princeton.edu,09/24/1991
381,Larry,Gardner,lgardnerak@sciencedirect.com,06/07/2009
382,Lori,Peters,lpetersal@buzzfeed.com,03/08/1955
383,Shawn,Thompson,sthompsonam@google.com.au,06/07/2000
384,Ann,Phillips,aphillipsan@whitehouse.gov,03/01/1952
385,Judith,Robertson,jrobertsonao@cam.ac.uk,05/16/2012
386,Teresa,Ryan,tryanap@goo.ne.jp,09/05/1971
387,Phillip,Flores,pfloresaq@wikipedia.org,08/20/1998
388,Sandra,Mason,smasonar@ihg.com,10/27/2008
389,David,Gutierrez,dgutierrezas@stumbleupon.com,03/01/1965
390,Gregory,Moreno,gmorenoat@cbc.ca,12/09/2000
391,Jose,Morgan,jmorganau@columbia.edu,11/12/1985
392,Judith,Harrison,jharrisonav@usda.gov,06/29/2001
393,Sara,Hart,shartaw@elpais.com,10/15/2009
394,Benjamin,Campbell,bcampbellax@angelfire.com,12/18/1950
395,Mildred,Matthews,mmatthewsay@nbcnews.com,12/06/2011
396,Johnny,Meyer,jmeyeraz@telegraph.co.uk,04/06/2008
397,Doris,Bradley,dbradleyb0@yellowbook.com,03/10/1993
398,Louise,Alvarez,lalvarezb1@domainmarket.com,09/17/1968
399,Carolyn,Mccoy,cmccoyb2@hubpages.com,05/28/1988
400,Juan,Johnson,jjohnsonb3@topsy.com,09/17/1959
401,Henry,Franklin,hfranklinb4@shop-pro.jp,08/14/2010
402,Lisa,Wheeler,lwheelerb5@aboutads.info,08/28/2006
403,Harry,Barnes,hbarnesb6@wikipedia.org,04/12/2001
404,Linda,Lane,llaneb7@businessinsider.com,08/10/2003
405,Eugene,Spencer,espencerb8@taobao.com,05/24/1982
406,Phyllis,Berry,pberryb9@narod.ru,07/29/1972
407,Linda,George,lgeorgeba@go.com,09/06/2001
408,Anthony,Chapman,achapmanbb@hubpages.com,07/10/2012
409,Shawn,Lee,sleebc@columbia.edu,09/09/1978
410,Kevin,Wright,kwrightbd@gravatar.com,04/12/2004
411,Carolyn,Wright,cwrightbe@opensource.org,11/24/1953
412,Richard,Torres,rtorresbf@nymag.com,01/13/1951
413,Mildred,Fisher,mfisherbg@nature.com,04/06/1979
414,Benjamin,Gilbert,bgilbertbh@over-blog.com,10/25/1962
415,Judy,Kelley,jkelleybi@privacy.gov.au,03/12/1996
416,Ann,Reyes,areyesbj@storify.com,08/22/1991
417,Henry,Hill,hhillbk@instagram.com,06/20/2009
418,Tammy,Gardner,tgardnerbl@vimeo.com,04/02/2003
419,Harry,Gardner,hgardnerbm@w3.org,07/15/1959
420,Annie,Henry,ahenrybn@sogou.com,07/06/1958
421,Teresa,Armstrong,tarmstrongbo@netscape.com,03/03/1990
422,Harry,Martinez,hmartinezbp@skype.com,10/12/2010
423,Sarah,Webb,swebbbq@4shared.com,04/21/1964
424,Daniel,Howell,dhowellbr@opensource.org,10/29/2004
425,Sharon,Cunningham,scunninghambs@gov.uk,01/23/1986
426,Mark,Burns,mburnsbt@toplist.cz,07/13/1995
427,Aaron,Thomas,athomasbu@shop-pro.jp,02/09/1977
428,Emily,Ramos,eramosbv@aboutads.info,03/05/1976
429,Amy,Robinson,arobinsonbw@edublogs.org,03/09/2008
430,Timothy,Henderson,thendersonbx@archive.org,12/17/1967
431,Arthur,Marshall,amarshallby@google.de,05/11/1966
432,Clarence,Larson,clarsonbz@oaic.gov.au,01/17/1970
433,Randy,Torres,rtorresc0@illinois.edu,10/07/1951
434,Raymond,Snyder,rsnyderc1@tripod.com,11/04/2014
435,Joe,Powell,jpowellc2@jalbum.net,04/12/1964
436,Melissa,Price,mpricec3@webnode.com,11/08/1980
437,Jane,Phillips,jphillipsc4@about.me,11/03/1966
438,Deborah,Howard,dhowardc5@usgs.gov,08/11/1995
439,Ruth,Kennedy,rkennedyc6@linkedin.com,10/28/1965
440,Roger,Ortiz,rortizc7@mapy.cz,05/09/1989
441,Karen,Myers,kmyersc8@unesco.org,10/15/1991
442,Steve,Vasquez,svasquezc9@hao123.com,03/30/1984
443,Debra,Lawrence,dlawrenceca@ca.gov,01/12/1967
444,Jacqueline,Wallace,jwallacecb@usnews.com,04/07/2008
445,Louis,Myers,lmyerscc@blogspot.com,03/08/2013
446,Nancy,Miller,nmillercd@ft.com,03/24/1963
447,Pamela,Wood,pwoodce@earthlink.net,10/18/1959
448,Christine,Turner,cturnercf@wix.com,11/28/1958
449,Joe,Miller,jmillercg@diigo.com,03/18/1981
450,Eric,Montgomery,emontgomerych@example.com,03/08/1976
451,Harry,Fuller,hfullerci@skype.com,09/20/1954
452,Gloria,Gray,ggraycj@nba.com,06/11/2012
453,Jean,Murphy,jmurphyck@imgur.com,10/24/2000
454,Brian,Palmer,bpalmercl@pcworld.com,09/23/1961
455,Scott,Wells,swellscm@netvibes.com,10/06/1976
456,Jean,White,jwhitecn@ameblo.jp,01/04/2007
457,Ralph,Grant,rgrantco@wordpress.com,04/12/1952
458,Robin,Price,rpricecp@aol.com,06/05/2009
459,Doris,Diaz,ddiazcq@census.gov,04/17/1959
460,Judith,Thomas,jthomascr@ow.ly,11/05/1966
461,Joshua,Riley,jrileycs@cocolog-nifty.com,02/16/1999
462,Jeremy,Hayes,jhayesct@eventbrite.com,05/21/1999
463,Ruby,Olson,rolsoncu@sohu.com,11/29/1965
464,Nancy,Carpenter,ncarpentercv@cloudflare.com,01/20/1988
465,Elizabeth,Mendoza,emendozacw@alibaba.com,10/30/2013
466,Paul,Martin,pmartincx@engadget.com,03/01/1956
467,Eugene,Hudson,ehudsoncy@indiatimes.com,12/06/1955
468,Lois,Ford,lfordcz@discuz.net,09/17/1973
469,Christopher,Morrison,cmorrisond0@statcounter.com,06/22/2004
470,Stephanie,Allen,sallend1@reuters.com,01/28/2009
471,David,Tucker,dtuckerd2@wp.com,05/04/2005
472,Amy,Jordan,ajordand3@booking.com,08/19/1987
473,Rose,Flores,rfloresd4@photobucket.com,11/28/2008
474,Alice,Kelly,akellyd5@accuweather.com,07/04/1999
475,Lois,Brown,lbrownd6@webs.com,12/31/2009
476,Frank,Owens,fowensd7@ft.com,06/30/1996
477,Betty,Oliver,boliverd8@cbsnews.com,04/29/1976
478,Julie,Collins,jcollinsd9@typepad.com,03/17/1992
479,Matthew,Harvey,mharveyda@wired.com,05/25/1957
480,Carolyn,Diaz,cdiazdb@123-reg.co.uk,01/02/1999
481,Martin,Watson,mwatsondc@indiatimes.com,06/19/1953
482,Virginia,Rogers,vrogersdd@parallels.com,05/20/1964
483,Philip,Lopez,plopezde@miitbeian.gov.cn,03/15/1989
484,Jimmy,Turner,jturnerdf@myspace.com,06/06/1976
485,Frank,Hall,fhalldg@diigo.com,06/10/1998
486,Edward,Ruiz,eruizdh@skyrock.com,11/17/1951
487,Harold,Allen,hallendi@w3.org,09/24/1953
488,Samuel,Lynch,slynchdj@intel.com,04/04/1956
489,Alice,Bryant,abryantdk@netscape.com,01/28/1973
490,Willie,Hudson,whudsondl@amazonaws.com,04/05/2011
491,Patrick,Willis,pwillisdm@bloglines.com,06/29/1974
492,Lois,Larson,llarsondn@adobe.com,03/01/2000
493,Janet,Carter,jcarterdo@123-reg.co.uk,06/04/2013
494,Helen,Richardson,hrichardsondp@ocn.ne.jp,11/28/2012
495,Gerald,Garcia,ggarciadq@chicagotribune.com,09/03/1968
496,Mary,Hawkins,mhawkinsdr@lycos.com,11/21/2005
497,Susan,Oliver,soliverds@nsw.gov.au,06/01/2009
498,Matthew,Ortiz,mortizdt@dagondesign.com,06/03/2006
499,Mildred,Baker,mbakerdu@goo.ne.jp,12/09/1983
500,Henry,Dunn,hdunndv@who.int,08/29/1990
501,Kelly,Morris,kmorrisdw@howstuffworks.com,10/20/2004
502,Diane,Hunter,dhunterdx@google.cn,08/22/2010
503,Joseph,Roberts,jrobertsdy@guardian.co.uk,11/27/2008
504,Karen,Patterson,kpattersondz@usgs.gov,04/13/1965
505,Jacqueline,James,jjamese0@cdc.gov,01/18/1980
506,Sara,Coleman,scolemane1@storify.com,02/21/2002
507,Fred,Gutierrez,fgutierreze2@ox.ac.uk,01/29/2003
508,Martin,Hall,mhalle3@vkontakte.ru,02/16/2014
509,Joan,Moreno,jmorenoe4@drupal.org,04/27/1981
510,Anne,Walker,awalkere5@telegraph.co.uk,10/01/2000
511,Dorothy,Hamilton,dhamiltone6@cdbaby.com,12/08/1973
512,Debra,Young,dyounge7@alexa.com,05/11/1956
513,Ruby,King,rkinge8@comcast.net,04/03/1966
514,Beverly,Romero,bromeroe9@hc360.com,05/14/2007
515,Robert,Torres,rtorresea@ft.com,10/30/2007
516,Jeffrey,Lee,jleeeb@tuttocitta.it,12/23/1963
517,Bonnie,Stevens,bstevensec@etsy.com,11/08/1960
518,Frances,Meyer,fmeyered@php.net,02/25/2012
519,Joseph,Simmons,jsimmonsee@hud.gov,12/31/1959
520,Julie,Brown,jbrownef@cnn.com,07/24/1996
521,Alice,Gutierrez,agutierrezeg@de.vu,12/31/1955
522,Scott,Pierce,spierceeh@photobucket.com,09/02/1975
523,Melissa,Willis,mwillisei@yolasite.com,03/30/1999
524,Catherine,Graham,cgrahamej@deliciousdays.com,05/01/1998
525,Anna,Simpson,asimpsonek@desdev.cn,12/22/1976
526,Steve,Vasquez,svasquezel@scribd.com,10/02/1957
527,Shawn,Gray,sgrayem@webs.com,05/10/1995
528,Matthew,Moore,mmooreen@aboutads.info,12/13/1992
529,Elizabeth,Hill,ehilleo@comcast.net,12/25/1988
530,Bruce,Baker,bbakerep@bing.com,12/26/1987
531,Margaret,Owens,mowenseq@addtoany.com,03/30/1957
532,Lillian,Black,lblacker@spiegel.de,04/17/1988
533,Kathy,Lewis,klewises@networkadvertising.org,08/25/2009
534,Justin,Cox,jcoxet@example.com,12/31/2009
535,Roy,Moreno,rmorenoeu@wunderground.com,06/22/1975
536,Victor,Armstrong,varmstrongev@sun.com,08/27/1952
537,Louis,Robinson,lrobinsonew@amazon.co.jp,10/05/1961
538,Shawn,Phillips,sphillipsex@google.de,09/07/2000
539,Julia,Burke,jburkeey@wikimedia.org,08/17/1956
540,Annie,Jacobs,ajacobsez@macromedia.com,08/13/1995
541,Robert,Ortiz,rortizf0@thetimes.co.uk,07/07/1971
542,Paula,James,pjamesf1@discuz.net,08/01/1965
543,Phillip,Matthews,pmatthewsf2@youku.com,03/24/1978
544,Kelly,Henry,khenryf3@apple.com,03/30/1972
545,Jimmy,Harvey,jharveyf4@goo.gl,10/07/1951
546,Jeremy,Coleman,jcolemanf5@mozilla.com,04/30/2011
547,Wayne,Dunn,wdunnf6@joomla.org,05/25/2013
548,Sara,Crawford,scrawfordf7@tiny.cc,04/11/1953
549,Denise,Gibson,dgibsonf8@accuweather.com,10/14/1971
550,James,Gutierrez,jgutierrezf9@blogger.com,05/05/1959
551,Keith,Fowler,kfowlerfa@uol.com.br,12/26/2001
552,Jeffrey,Jones,jjonesfb@etsy.com,08/14/1989
553,Alan,Roberts,arobertsfc@si.edu,05/13/1959
554,Marie,Miller,mmillerfd@nationalgeographic.com,08/22/1970
555,Joshua,Miller,jmillerfe@nih.gov,04/10/1990
556,Stephen,Duncan,sduncanff@economist.com,09/14/1968
557,Victor,Gutierrez,vgutierrezfg@comcast.net,05/19/1960
558,Arthur,Bailey,abaileyfh@dot.gov,10/15/1979
559,Larry,Phillips,lphillipsfi@dailymotion.com,04/06/1995
560,Jesse,Rivera,jriverafj@wix.com,03/13/1981
561,Brian,Peterson,bpetersonfk@clickbank.net,02/07/1956
562,Harry,Baker,hbakerfl@blogtalkradio.com,06/15/1983
563,Jean,Hunter,jhunterfm@usnews.com,07/04/2013
564,Barbara,Harper,bharperfn@google.pl,02/10/1979
565,Harry,Knight,hknightfo@paypal.com,12/14/1996
566,Kathleen,Snyder,ksnyderfp@hugedomains.com,11/22/1979
567,Alice,Murray,amurrayfq@dion.ne.jp,12/18/1968
568,Amy,Stanley,astanleyfr@foxnews.com,06/24/1969
569,Ralph,Romero,rromerofs@yahoo.com,10/06/1973
570,Heather,Medina,hmedinaft@nps.gov,01/05/1981
571,Henry,Simpson,hsimpsonfu@omniture.com,02/05/2015
572,Fred,King,fkingfv@mlb.com,12/07/1959
573,Robin,Green,rgreenfw@skyrock.com,03/10/1986
574,Jane,Freeman,jfreemanfx@ft.com,01/18/2009
575,Heather,Mendoza,hmendozafy@ebay.co.uk,01/13/1989
576,Carol,Franklin,cfranklinfz@jiathis.com,06/12/1997
577,Daniel,Olson,dolsong0@pinterest.com,04/02/1959
578,Earl,Torres,etorresg1@sitemeter.com,06/18/1951
579,Lawrence,Patterson,lpattersong2@baidu.com,08/15/1970
580,Wayne,Lewis,wlewisg3@house.gov,06/21/1957
581,Willie,Reyes,wreyesg4@mysql.com,08/26/1994
582,Anne,Bell,abellg5@europa.eu,08/01/2009
583,Eric,Porter,eporterg6@boston.com,11/12/1956
584,Edward,Sullivan,esullivang7@dell.com,10/01/1970
585,Timothy,Carr,tcarrg8@desdev.cn,09/09/1989
586,Henry,Hanson,hhansong9@furl.net,10/14/2004
587,Laura,Jones,ljonesga@ca.gov,10/06/2009
588,Margaret,Richards,mrichardsgb@clickbank.net,08/04/2013
589,Donna,Bennett,dbennettgc@deliciousdays.com,09/30/1970
590,Arthur,Medina,amedinagd@behance.net,01/15/2002
591,Rachel,Morrison,rmorrisonge@businessinsider.com,01/01/1976
592,Beverly,Carpenter,bcarpentergf@163.com,12/03/1983
593,Joe,Johnston,jjohnstongg@example.com,08/04/1953
594,Amanda,Morrison,amorrisongh@irs.gov,09/07/1966
595,Norma,Harris,nharrisgi@twitpic.com,03/23/2013
596,Martin,Grant,mgrantgj@google.com.hk,02/23/1967
597,Judy,Harris,jharrisgk@sohu.com,07/23/1969
598,Anthony,Vasquez,avasquezgl@mac.com,02/09/2011
599,Joe,Morgan,jmorgangm@ebay.com,09/07/2003
600,Anne,Fernandez,afernandezgn@businessweek.com,06/05/2014
601,Kenneth,Carpenter,kcarpentergo@homestead.com,10/28/1968
602,Thomas,Wilson,twilsongp@netvibes.com,07/28/2001
603,Edward,Chavez,echavezgq@google.ru,09/28/2002
604,Theresa,Clark,tclarkgr@huffingtonpost.com,06/19/1987
605,Raymond,Price,rpricegs@irs.gov,06/16/1956
606,Kelly,Allen,kallengt@instagram.com,02/06/1995
607,Donna,Carroll,dcarrollgu@godaddy.com,08/31/1958
608,Barbara,Snyder,bsnydergv@domainmarket.com,09/11/1981
609,Gary,Wood,gwoodgw@qq.com,12/27/2011
610,Lois,Black,lblackgx@wisc.edu,09/05/1997
611,Katherine,Medina,kmedinagy@shutterfly.com,11/07/2005
612,Brian,Wright,bwrightgz@marriott.com,02/21/1953
613,Stephanie,Ford,sfordh0@moonfruit.com,04/21/1990
614,Anthony,Coleman,acolemanh1@nasa.gov,08/02/2000
615,Ashley,Olson,aolsonh2@yale.edu,08/14/1973
616,Joshua,Sanchez,jsanchezh3@parallels.com,04/20/1977
617,Virginia,Campbell,vcampbellh4@nih.gov,05/17/1963
618,Linda,Lane,llaneh5@de.vu,09/08/1981
619,Edward,Stevens,estevensh6@japanpost.jp,03/20/1999
620,Jack,Garcia,jgarciah7@google.cn,07/24/1980
621,Russell,Rogers,rrogersh8@fc2.com,10/30/1958
622,Betty,Cunningham,bcunninghamh9@w3.org,03/24/1975
623,Fred,Adams,fadamsha@bbb.org,03/27/2008
624,Jose,Parker,jparkerhb@senate.gov,02/15/1999
625,Paula,Harper,pharperhc@paypal.com,02/09/1955
626,Carolyn,Campbell,ccampbellhd@tinypic.com,01/27/1956
627,Louis,Tucker,ltuckerhe@jiathis.com,07/12/1982
628,Arthur,Reyes,areyeshf@businessweek.com,10/16/2002
629,Walter,Burke,wburkehg@cdc.gov,09/24/1954
630,Andrew,Cunningham,acunninghamhh@pinterest.com,11/16/1961
631,Ann,Carroll,acarrollhi@cornell.edu,02/27/1983
632,Nicole,Gray,ngrayhj@gov.uk,09/12/2012
633,Gregory,Hall,ghallhk@soup.io,05/13/1961
634,Ernest,Burke,eburkehl@statcounter.com,08/27/2013
635,Roy,Jones,rjoneshm@baidu.com,02/22/2013
636,Jeremy,Gutierrez,jgutierrezhn@wsj.com,11/21/1977
637,Janice,Washington,jwashingtonho@linkedin.com,03/07/1970
638,Sharon,Crawford,scrawfordhp@upenn.edu,01/11/2008
639,Susan,Thompson,sthompsonhq@amazon.com,02/19/1964
640,Douglas,Williamson,dwilliamsonhr@digg.com,06/08/1970
641,Laura,Harvey,lharveyhs@marriott.com,01/20/1951
642,Martin,Simpson,msimpsonht@redcross.org,11/02/1952
643,Theresa,Burton,tburtonhu@nih.gov,07/07/1958
644,Christine,Phillips,cphillipshv@cnn.com,06/08/1959
645,Anne,Harper,aharperhw@dmoz.org,04/13/1962
646,Donald,Carroll,dcarrollhx@umich.edu,02/23/1995
647,Julie,Miller,jmillerhy@cdc.gov,11/20/1982
648,Kathleen,Bryant,kbryanthz@google.ca,09/14/1994
649,Amy,Barnes,abarnesi0@ocn.ne.jp,08/11/2007
650,Steven,Turner,sturneri1@desdev.cn,10/25/2008
651,Ryan,Fisher,rfisheri2@mysql.com,07/17/1960
652,Douglas,Gardner,dgardneri3@shutterfly.com,09/29/1963
653,Thomas,Moreno,tmorenoi4@microsoft.com,03/24/2003
654,Jesse,Moore,jmoorei5@shinystat.com,10/17/1989
655,Craig,Bennett,cbennetti6@usda.gov,01/29/1972
656,Ernest,Mills,emillsi7@nature.com,02/11/1989
657,Kathy,Scott,kscotti8@amazon.de,03/16/2006
658,Ernest,Bradley,ebradleyi9@eventbrite.com,01/21/1990
659,Frank,Walker,fwalkeria@independent.co.uk,03/08/1952
660,Bobby,Porter,bporterib@rediff.com,04/11/1972
661,Timothy,Johnston,tjohnstonic@geocities.com,02/20/1961
662,Rose,Schmidt,rschmidtid@unblog.fr,07/21/1964
663,Melissa,Arnold,marnoldie@nbcnews.com,09/26/1991
664,Anna,Grant,agrantif@cbc.ca,10/16/1964
665,William,Kennedy,wkennedyig@google.co.uk,10/20/1964
666,Martha,Flores,mfloresih@macromedia.com,09/10/1995
667,Justin,Little,jlittleii@patch.com,12/13/1981
668,Steve,Palmer,spalmerij@ox.ac.uk,09/19/2013
669,Angela,Sanders,asandersik@dell.com,08/01/2007
670,Randy,Richards,rrichardsil@nymag.com,12/29/1976
671,Joan,Brown,jbrownim@nhs.uk,06/09/1996
672,Samuel,Mills,smillsin@slideshare.net,02/09/1986
673,Rebecca,Wright,rwrightio@devhub.com,07/30/1970
674,Anne,Watson,awatsonip@walmart.com,04/07/1962
675,Robert,Young,ryoungiq@a8.net,04/29/1969
676,Samuel,Russell,srussellir@discuz.net,06/13/1983
677,Julie,Burke,jburkeis@auda.org.au,12/25/1989
678,Tammy,Harrison,tharrisonit@shinystat.com,01/05/1992
679,Julia,Sullivan,jsullivaniu@jiathis.com,03/25/1990
680,Gerald,Morris,gmorrisiv@ted.com,04/15/1965
681,Ryan,White,rwhiteiw@myspace.com,11/06/1981
682,Alan,Gomez,agomezix@comsenz.com,12/31/2006
683,Alan,Allen,aalleniy@marriott.com,07/29/1989
684,Ashley,Bryant,abryantiz@amazon.co.jp,03/20/1954
685,Nicole,Rodriguez,nrodriguezj0@squarespace.com,08/03/1953
686,Lillian,Cooper,lcooperj1@flavors.me,02/06/2001
687,Nicholas,Evans,nevansj2@oaic.gov.au,04/01/1973
688,Keith,Graham,kgrahamj3@cdbaby.com,12/14/2009
689,William,Shaw,wshawj4@histats.com,10/03/1982
690,Joseph,Cunningham,jcunninghamj5@yelp.com,09/22/2006
691,Marie,Johnson,mjohnsonj6@aboutads.info,02/25/2009
692,Jacqueline,Hicks,jhicksj7@taobao.com,09/06/1970
693,Stephen,Barnes,sbarnesj8@booking.com,01/26/1964
694,Steven,Alvarez,salvarezj9@mashable.com,04/12/1958
695,Timothy,Fuller,tfullerja@cnn.com,09/07/2014
696,Harry,Little,hlittlejb@scribd.com,10/29/1963
697,Adam,Johnston,ajohnstonjc@cyberchimps.com,05/28/1978
698,Jack,Rose,jrosejd@plala.or.jp,03/23/2001
699,Virginia,Walker,vwalkerje@soundcloud.com,04/25/2008
700,Michael,Arnold,marnoldjf@mozilla.com,07/05/1991
701,Evelyn,Jordan,ejordanjg@com.com,12/24/2000
702,Tina,Reyes,treyesjh@hubpages.com,08/03/1972
703,Marie,Sanchez,msanchezji@imdb.com,12/12/1987
704,Carol,Hunter,chunterjj@statcounter.com,01/13/1993
705,Sandra,Watkins,swatkinsjk@goodreads.com,04/02/2007
706,Kevin,Banks,kbanksjl@wp.com,03/18/2005
707,Kathy,Webb,kwebbjm@telegraph.co.uk,08/25/2005
708,Cynthia,Morales,cmoralesjn@1688.com,04/02/2013
709,Heather,Morales,hmoralesjo@paypal.com,10/06/2014
710,Brenda,Frazier,bfrazierjp@yellowbook.com,01/09/1962
711,Lisa,Ross,lrossjq@reverbnation.com,03/28/1997
712,Frances,Stephens,fstephensjr@scribd.com,07/08/1987
713,Juan,Barnes,jbarnesjs@gravatar.com,05/05/1992
714,Jose,Morris,jmorrisjt@newyorker.com,10/24/2013
715,Ruth,Diaz,rdiazju@joomla.org,04/06/1958
716,Marie,Wright,mwrightjv@wordpress.org,08/12/1953
717,Tina,Henderson,thendersonjw@hp.com,12/31/1977
718,Jose,Boyd,jboydjx@phpbb.com,03/13/2001
719,Howard,Howell,hhowelljy@businessinsider.com,01/15/1993
720,Sean,Thompson,sthompsonjz@sciencedirect.com,03/22/1984
721,Wayne,Garcia,wgarciak0@upenn.edu,04/24/1954
722,Shawn,Carr,scarrk1@ycombinator.com,08/08/2009
723,Martin,Rodriguez,mrodriguezk2@networkadvertising.org,12/14/2013
724,Christopher,Bryant,cbryantk3@wikispaces.com,12/02/1965
725,Judith,Hunter,jhunterk4@reuters.com,11/17/1996
726,Sara,Hansen,shansenk5@prnewswire.com,07/04/1988
727,Robin,Spencer,rspencerk6@paypal.com,10/14/1988
728,Michelle,Larson,mlarsonk7@google.nl,11/04/1992
729,Harold,Johnston,hjohnstonk8@example.com,11/30/1970
730,Phillip,Butler,pbutlerk9@paginegialle.it,05/18/1985
731,Andrew,Phillips,aphillipska@is.gd,11/27/2012
732,Mary,Holmes,mholmeskb@ocn.ne.jp,07/06/2006
733,Pamela,Hudson,phudsonkc@canalblog.com,06/30/2007
734,Evelyn,Wilson,ewilsonkd@mashable.com,03/25/1971
735,Peter,Gardner,pgardnerke@paypal.com,09/10/2003
736,Ronald,Snyder,rsnyderkf@examiner.com,10/01/1973
737,Dorothy,Simpson,dsimpsonkg@springer.com,05/12/1962
738,Ronald,Hudson,rhudsonkh@usda.gov,10/09/1977
739,Marie,Russell,mrussellki@example.com,02/13/1965
740,Andrew,Arnold,aarnoldkj@opera.com,07/23/1959
741,Louis,Harris,lharriskk@cafepress.com,10/14/1962
742,Kathryn,Russell,krussellkl@cbslocal.com,05/24/2001
743,Donna,Murphy,dmurphykm@unesco.org,10/28/1959
744,Paul,Garrett,pgarrettkn@uiuc.edu,02/27/1963
745,Anthony,Crawford,acrawfordko@wunderground.com,01/30/2000
746,Steve,Evans,sevanskp@engadget.com,12/03/1961
747,Carl,Murray,cmurraykq@craigslist.org,08/27/1989
748,Jerry,Lynch,jlynchkr@nature.com,11/02/1965
749,Kenneth,Weaver,kweaverks@youtu.be,10/08/1965
750,Ernest,Parker,eparkerkt@exblog.jp,09/09/1975
751,Cynthia,Anderson,candersonku@bbb.org,03/21/1982
752,Barbara,Mason,bmasonkv@apache.org,03/01/1991
753,Stephanie,Fuller,sfullerkw@who.int,04/02/1973
754,Wanda,Tucker,wtuckerkx@auda.org.au,08/09/1994
755,Maria,Grant,mgrantky@indiatimes.com,01/08/1967
756,Adam,Carroll,acarrollkz@sphinn.com,03/13/1971
757,Norma,Boyd,nboydl0@rediff.com,12/11/1983
758,Anne,Palmer,apalmerl1@addthis.com,12/25/1996
759,Jeffrey,Howell,jhowelll2@columbia.edu,08/03/2011
760,Joe,Ortiz,jortizl3@indiegogo.com,05/02/1964
761,Ruby,Baker,rbakerl4@gnu.org,05/25/1976
762,Frank,Bryant,fbryantl5@chron.com,08/06/1952
763,Eric,Wallace,ewallacel6@qq.com,11/11/1951
764,Ruth,Hicks,rhicksl7@fotki.com,01/26/1996
765,Christopher,Garrett,cgarrettl8@barnesandnoble.com,06/27/1957
766,Lawrence,Mcdonald,lmcdonaldl9@github.io,06/28/2004
767,Jonathan,Graham,jgrahamla@sohu.com,06/16/1967
768,George,Morales,gmoraleslb@technorati.com,06/22/1952
769,Randy,Perry,rperrylc@livejournal.com,06/30/1994
770,William,George,wgeorgeld@mozilla.org,08/18/2000
771,Karen,Burton,kburtonle@nhs.uk,09/12/1962
772,Carl,Olson,colsonlf@tripadvisor.com,01/09/2010
773,Kelly,Castillo,kcastillolg@wix.com,07/15/1969
774,Wayne,Burns,wburnslh@cbslocal.com,08/22/1982
775,Joseph,Simmons,jsimmonsli@flavors.me,04/12/1970
776,Maria,Holmes,mholmeslj@reference.com,02/13/1959
777,Gloria,Rogers,grogerslk@unblog.fr,11/16/1985
778,Julie,Parker,jparkerll@parallels.com,11/16/1956
779,Frances,Sanders,fsanderslm@jugem.jp,05/18/1994
780,Maria,Henry,mhenryln@kickstarter.com,09/24/1969
781,Gloria,White,gwhitelo@godaddy.com,07/21/2007
782,Andrea,Daniels,adanielslp@bbc.co.uk,11/23/1993
783,Henry,Fernandez,hfernandezlq@ft.com,01/13/1956
784,Jeremy,Smith,jsmithlr@reuters.com,03/28/1960
785,Gary,Palmer,gpalmerls@soup.io,01/09/1991
786,Benjamin,Fuller,bfullerlt@cbsnews.com,08/20/1978
787,Bruce,Ford,bfordlu@typepad.com,02/07/1970
788,Emily,Patterson,epattersonlv@time.com,02/09/1999
789,Louis,Cooper,lcooperlw@theglobeandmail.com,05/07/1956
790,Ruby,Pierce,rpiercelx@phpbb.com,06/26/1981
791,Craig,Larson,clarsonly@wired.com,07/18/1975
792,Maria,Riley,mrileylz@toplist.cz,12/23/1987
793,Walter,Turner,wturnerm0@myspace.com,08/13/1991
794,Willie,Rose,wrosem1@nationalgeographic.com,02/19/1958
795,Maria,Russell,mrussellm2@youtube.com,07/25/2002
796,Nicholas,Cunningham,ncunninghamm3@businessweek.com,03/10/1972
797,Angela,Meyer,ameyerm4@independent.co.uk,07/03/1960
798,Angela,Martin,amartinm5@salon.com,11/26/1954
799,Ruth,Austin,raustinm6@gmpg.org,01/01/1953
800,Douglas,Bailey,dbaileym7@wordpress.org,03/26/1990
801,Benjamin,Jordan,bjordanm8@mashable.com,09/03/1950
802,Phillip,Rogers,progersm9@ehow.com,02/04/1954
803,Jeffrey,Bryant,jbryantma@dailymotion.com,11/05/2014
804,Lillian,Fowler,lfowlermb@icio.us,10/25/1950
805,Amanda,Ross,arossmc@amazonaws.com,02/01/1952
806,Jesse,Castillo,jcastillomd@clickbank.net,04/12/1953
807,Susan,Robertson,srobertsonme@tinypic.com,08/05/1973
808,Justin,Nguyen,jnguyenmf@oakley.com,11/12/1962
809,Brandon,Parker,bparkermg@ucsd.edu,04/13/1978
810,Evelyn,Rice,ericemh@hao123.com,06/16/1971
811,Kelly,Ortiz,kortizmi@reference.com,04/13/1961
812,Craig,Rivera,criveramj@topsy.com,04/16/1979
813,Patricia,Moreno,pmorenomk@noaa.gov,08/21/1951
814,Sean,Austin,saustinml@tamu.edu,10/15/1982
815,Thomas,Stone,tstonemm@google.it,10/19/1983
816,Lawrence,Greene,lgreenemn@cam.ac.uk,03/16/1972
817,Tammy,Perez,tperezmo@sakura.ne.jp,02/24/2002
818,Lori,Mendoza,lmendozamp@google.es,07/27/1973
819,Phillip,Tucker,ptuckermq@skype.com,05/16/1951
820,Ashley,Garcia,agarciamr@msu.edu,08/07/1956
821,Denise,Greene,dgreenems@storify.com,08/04/1977
822,George,Moore,gmooremt@deliciousdays.com,03/31/1977
823,Gloria,Harper,gharpermu@over-blog.com,09/04/2012
824,Louise,Richardson,lrichardsonmv@answers.com,11/18/1993
825,Terry,Burton,tburtonmw@xinhuanet.com,12/16/2001
826,Joyce,Berry,jberrymx@ameblo.jp,07/05/1954
827,Louis,Sanchez,lsanchezmy@unc.edu,10/24/2002
828,Richard,Carr,rcarrmz@quantcast.com,05/18/1974
829,Joe,Mason,jmasonn0@privacy.gov.au,04/05/1965
830,Jeffrey,Bowman,jbowmann1@sbwire.com,03/04/2013
831,Jean,Smith,jsmithn2@tinyurl.com,02/13/1996
832,Patricia,Gordon,pgordonn3@cdc.gov,12/16/2008
833,Ralph,Hicks,rhicksn4@imgur.com,07/02/1996
834,Joseph,Johnston,jjohnstonn5@blog.com,10/15/1971
835,Jacqueline,Vasquez,jvasquezn6@devhub.com,09/27/1955
836,Edward,Holmes,eholmesn7@cmu.edu,12/20/1984
837,Kathleen,Kelley,kkelleyn8@mozilla.org,02/12/2006
838,Donald,Wood,dwoodn9@imgur.com,06/06/1978
839,Raymond,Johnston,rjohnstonna@shareasale.com,10/18/2009
840,Cynthia,Olson,colsonnb@t.co,11/22/1956
841,Martin,Duncan,mduncannc@ed.gov,02/08/2005
842,Catherine,Gray,cgraynd@usgs.gov,11/03/1958
843,Maria,Smith,msmithne@sourceforge.net,01/25/2004
844,Johnny,Rodriguez,jrodrigueznf@gizmodo.com,01/09/1972
845,Cynthia,Hudson,chudsonng@mit.edu,01/08/2007
846,Gerald,Vasquez,gvasqueznh@usatoday.com,02/12/2005
847,Teresa,Holmes,tholmesni@lycos.com,09/06/2011
848,Jimmy,Martin,jmartinnj@mapy.cz,04/07/1986
849,Fred,Holmes,fholmesnk@vimeo.com,10/20/1964
850,David,Pierce,dpiercenl@weather.com,10/13/1964
851,Eric,Kelly,ekellynm@cbc.ca,05/03/1977
852,Kenneth,Kelly,kkellynn@storify.com,10/16/1986
853,Jonathan,Adams,jadamsno@over-blog.com,04/13/2010
854,George,Rice,gricenp@over-blog.com,01/19/1960
855,Amy,Diaz,adiaznq@t.co,08/16/1988
856,Annie,Wood,awoodnr@economist.com,04/16/1964
857,Catherine,Alvarez,calvarezns@gizmodo.com,04/27/1988
858,Margaret,Johnson,mjohnsonnt@seattletimes.com,04/06/1981
859,Dennis,Adams,dadamsnu@nationalgeographic.com,01/19/2007
860,Ashley,Martin,amartinnv@whitehouse.gov,06/19/1965
861,Susan,Wells,swellsnw@taobao.com,12/20/1966
862,Janice,Ellis,jellisnx@cornell.edu,05/31/1987
863,Ryan,Ellis,rellisny@elegantthemes.com,12/27/1980
864,Judith,Oliver,jolivernz@t.co,08/07/1987
865,Jose,Harrison,jharrisono0@wufoo.com,05/11/2007
866,Nancy,Greene,ngreeneo1@wordpress.com,10/18/1987
867,Joseph,Daniels,jdanielso2@mediafire.com,03/09/1955
868,Jose,Armstrong,jarmstrongo3@amazon.co.uk,03/27/1980
869,Heather,Rice,hriceo4@taobao.com,07/05/1956
870,Carolyn,Chapman,cchapmano5@google.es,01/29/1989
871,Ashley,Evans,aevanso6@oaic.gov.au,09/09/1961
872,Jean,Wheeler,jwheelero7@answers.com,11/16/1959
873,Christine,Wallace,cwallaceo8@wordpress.com,06/02/2008
874,Henry,Bennett,hbennetto9@youtu.be,09/03/1973
875,Shawn,Wheeler,swheeleroa@netvibes.com,05/13/1951
876,Shawn,Rice,sriceob@blogtalkradio.com,02/16/2011
877,Benjamin,Shaw,bshawoc@posterous.com,02/02/1982
878,Anthony,Ross,arossod@instagram.com,09/27/1957
879,Virginia,Jordan,vjordanoe@sourceforge.net,10/09/1974
880,Anne,Stone,astoneof@toplist.cz,10/03/1994
881,Jerry,Schmidt,jschmidtog@forbes.com,08/06/1982
882,Scott,Rose,sroseoh@nsw.gov.au,10/01/1956
883,Theresa,Johnson,tjohnsonoi@hatena.ne.jp,05/18/1992
884,Jane,Lawson,jlawsonoj@thetimes.co.uk,07/10/2013
885,Ronald,Romero,rromerook@t-online.de,03/18/2004
886,Ronald,Moore,rmooreol@linkedin.com,10/19/1980
887,Eric,Anderson,eandersonom@bluehost.com,02/09/1988
888,Patricia,Olson,polsonon@networksolutions.com,05/24/1975
889,Walter,George,wgeorgeoo@wikispaces.com,06/24/2014
890,Ralph,Frazier,rfrazierop@topsy.com,09/07/1980
891,Brandon,Murphy,bmurphyoq@toplist.cz,12/07/1994
892,Antonio,Rose,aroseor@godaddy.com,04/13/1979
893,Evelyn,Montgomery,emontgomeryos@ifeng.com,12/16/2013
894,Roger,Snyder,rsnyderot@huffingtonpost.com,08/07/1977
895,Justin,Marshall,jmarshallou@netscape.com,12/08/1953
896,Sharon,Weaver,sweaverov@gmpg.org,11/21/1961
897,Kenneth,Romero,kromeroow@gmpg.org,02/05/1972
898,Marilyn,Mitchell,mmitchellox@mac.com,08/13/1974
899,Donald,Green,dgreenoy@addthis.com,03/03/2010
900,Daniel,Berry,dberryoz@163.com,03/24/1984
901,Robert,Carpenter,rcarpenterp0@usa.gov,11/13/1994
902,Kevin,Perkins,kperkinsp1@fda.gov,04/28/1992
903,Daniel,Burns,dburnsp2@phpbb.com,06/25/1954
904,Kevin,Simmons,ksimmonsp3@ameblo.jp,06/24/1957
905,Nicholas,Hart,nhartp4@de.vu,09/27/2000
906,Jeffrey,Edwards,jedwardsp5@g.co,03/13/1989
907,Dennis,Watkins,dwatkinsp6@ucoz.com,09/22/2005
908,Samuel,Diaz,sdiazp7@themeforest.net,05/24/1991
909,Lillian,Garza,lgarzap8@bloomberg.com,07/27/1958
910,Earl,Lawrence,elawrencep9@hatena.ne.jp,03/17/2011
911,Pamela,Peters,ppeterspa@ted.com,11/18/2013
912,Gregory,Pierce,gpiercepb@washingtonpost.com,06/12/1951
913,Amanda,Hall,ahallpc@1und1.de,08/24/1956
914,Joyce,Medina,jmedinapd@nps.gov,03/05/1955
915,Carolyn,Gonzales,cgonzalespe@taobao.com,01/17/2009
916,Kenneth,Owens,kowenspf@exblog.jp,01/16/1968
917,Jesse,Brown,jbrownpg@sourceforge.net,11/23/2013
918,Jennifer,Ortiz,jortizph@mashable.com,12/02/1985
919,Anna,Scott,ascottpi@hibu.com,07/26/1963
920,Bruce,Fernandez,bfernandezpj@cdc.gov,12/10/2009
921,Patrick,King,pkingpk@cnet.com,05/11/1962
922,Theresa,Edwards,tedwardspl@123-reg.co.uk,04/13/1966
923,Fred,Stephens,fstephenspm@mtv.com,09/27/1952
924,Jean,Nguyen,jnguyenpn@t-online.de,04/19/1967
925,Arthur,Garrett,agarrettpo@theglobeandmail.com,06/07/1960
926,Cheryl,Mendoza,cmendozapp@army.mil,04/17/2002
927,Harry,Berry,hberrypq@vimeo.com,12/31/1992
928,Jose,Frazier,jfrazierpr@senate.gov,04/14/1983
929,Thomas,Parker,tparkerps@zimbio.com,08/06/1964
930,Antonio,Berry,aberrypt@opera.com,10/07/1950
931,Philip,Price,ppricepu@chron.com,10/19/2014
932,Raymond,Marshall,rmarshallpv@purevolume.com,11/07/1973
933,Julie,Tucker,jtuckerpw@state.gov,03/16/1986
934,Russell,Roberts,rrobertspx@aboutads.info,02/03/1979
935,Anthony,Gibson,agibsonpy@bravesites.com,10/06/1973
936,William,Lee,wleepz@t.co,11/29/2009
937,Brenda,Edwards,bedwardsq0@twitpic.com,07/20/2009
938,Adam,Jacobs,ajacobsq1@google.ca,07/11/2006
939,Lori,Lewis,llewisq2@csmonitor.com,08/29/1952
940,Rachel,Matthews,rmatthewsq3@weebly.com,02/02/1971
941,Anthony,Perry,aperryq4@statcounter.com,10/09/2008
942,Timothy,Bradley,tbradleyq5@latimes.com,07/01/1976
943,Annie,Perry,aperryq6@fastcompany.com,11/19/1990
944,Andrew,Richardson,arichardsonq7@sbwire.com,07/22/1996
945,Barbara,Bowman,bbowmanq8@xinhuanet.com,01/18/1975
946,Donna,Elliott,delliottq9@npr.org,11/08/1962
947,Theresa,Little,tlittleqa@army.mil,12/07/1966
948,Jane,Vasquez,jvasquezqb@slate.com,10/12/2009
949,Ruby,Berry,rberryqc@who.int,08/14/2003
950,William,Robinson,wrobinsonqd@canalblog.com,06/13/1966
951,Harold,Dixon,hdixonqe@taobao.com,12/24/2014
952,Mark,Lawrence,mlawrenceqf@npr.org,11/08/2009
953,Ashley,Lynch,alynchqg@google.com.hk,10/01/1963
954,William,Sims,wsimsqh@w3.org,09/06/2010
955,Sean,Hayes,shayesqi@nasa.gov,10/17/2008
956,James,Cunningham,jcunninghamqj@marketwatch.com,02/15/1958
957,Irene,Perez,iperezqk@blog.com,06/27/1991
958,Willie,Powell,wpowellql@bravesites.com,12/03/2010
959,Jeremy,Diaz,jdiazqm@naver.com,02/28/2008
960,Virginia,Hill,vhillqn@mayoclinic.com,07/28/1992
961,Robin,Martinez,rmartinezqo@rambler.ru,09/12/1974
962,Rebecca,Dixon,rdixonqp@nature.com,05/16/1961
963,Phyllis,Miller,pmillerqq@sina.com.cn,03/21/1981
964,Lillian,Watkins,lwatkinsqr@webs.com,05/10/1964
965,Beverly,Harrison,bharrisonqs@paypal.com,03/15/2006
966,Phyllis,Weaver,pweaverqt@hexun.com,12/02/1985
967,Lori,Holmes,lholmesqu@ask.com,02/21/1972
968,Raymond,Long,rlongqv@baidu.com,03/07/1972
969,Donald,James,djamesqw@altervista.org,08/28/1955
970,Beverly,Morrison,bmorrisonqx@forbes.com,05/20/1951
971,Judy,Mcdonald,jmcdonaldqy@indiegogo.com,03/05/1965
972,Jean,Schmidt,jschmidtqz@disqus.com,09/02/1986
973,Tammy,Ramirez,tramirezr0@delicious.com,03/11/1993
974,Virginia,Gray,vgrayr1@example.com,04/24/1996
975,Christina,Perez,cperezr2@samsung.com,03/05/1979
976,Amy,Cox,acoxr3@123-reg.co.uk,03/21/1978
977,Donald,Ruiz,druizr4@newyorker.com,07/31/1990
978,Laura,Fernandez,lfernandezr5@addthis.com,11/20/2014
979,Phillip,Lee,pleer6@storify.com,02/12/1984
980,Kathleen,Hayes,khayesr7@netvibes.com,07/04/1971
981,Ann,Harrison,aharrisonr8@cafepress.com,06/03/1953
982,Donald,Carr,dcarrr9@ft.com,08/06/1971
983,Paula,Vasquez,pvasquezra@miibeian.gov.cn,01/03/1956
984,Deborah,Watson,dwatsonrb@opera.com,09/12/1971
985,Sandra,James,sjamesrc@t.co,12/24/1954
986,Robin,Russell,rrussellrd@naver.com,06/21/1967
987,Beverly,Reynolds,breynoldsre@tripadvisor.com,02/27/1983
988,Jeremy,Garcia,jgarciarf@reference.com,12/19/1980
989,Alan,Patterson,apattersonrg@barnesandnoble.com,08/02/1982
990,Juan,Lawrence,jlawrencerh@mlb.com,02/20/1952
991,Gloria,Porter,gporterri@dagondesign.com,03/12/2007
992,Gerald,Alexander,galexanderrj@myspace.com,02/21/1998
993,Norma,Powell,npowellrk@ed.gov,07/18/2009
994,Margaret,Jackson,mjacksonrl@nhs.uk,08/02/1967
995,Douglas,Elliott,delliottrm@cloudflare.com,11/13/1978
996,Sandra,Anderson,sandersonrn@live.com,09/26/1986
997,Katherine,Murray,kmurrayro@youtu.be,02/06/2014
998,Jason,Perkins,jperkinsrp@blinklist.com,03/25/1978
999,Ryan,Owens,rowensrq@auda.org.au,03/23/2013
1000,Mark,Peters,mpetersrr@tumblr.com,09/21/1965
