id,first,last,email,dob
1,Joe,Webb,jwebb0@virginia.edu,03/21/1955
2,Anne,Fernandez,afernandez1@amazon.co.jp,01/23/1963
3,Jessica,Lopez,jlopez2@answers.com,01/21/1952
4,Judith,Kim,jkim3@joomla.org,05/05/1994
5,Theresa,Robertson,trobertson4@ox.ac.uk,08/05/2007
6,Nancy,Jacobs,njacobs5@jigsy.com,08/25/1975
7,Robin,Miller,rmiller6@bloglines.com,02/15/1966
8,Willie,Ramirez,wramirez7@rakuten.co.jp,05/19/1956
9,Edward,Porter,eporter8@wordpress.com,03/26/1997
10,Lori,Morgan,lmorgan9@networkadvertising.org,02/18/1955
11,Irene,West,iwesta@fda.gov,02/22/1998
12,Judith,Rogers,jrogersb@infoseek.co.jp,08/26/1980
13,Sandra,Howell,showellc@mac.com,09/30/1952
14,Ashley,Walker,awalkerd@t.co,08/21/1959
15,Willie,Morrison,wmorrisone@prweb.com,01/19/1985
16,Scott,Brown,sbrownf@guardian.co.uk,02/01/1955
17,Annie,Snyder,asnyderg@cornell.edu,09/04/1950
18,Robert,Hamilton,rhamiltonh@cafepress.com,08/26/1959
19,Nicholas,Washington,nwashingtoni@smh.com.au,12/24/1961
20,Brandon,Olson,bolsonj@dailymail.co.uk,08/21/1979
21,Alice,Burns,aburnsk@apple.com,04/20/1962
22,Henry,Reyes,hreyesl@who.int,12/22/2001
23,Christine,Armstrong,carmstrongm@netvibes.com,05/12/1963
24,Douglas,Jones,djonesn@tiny.cc,01/19/1956
25,Linda,Thomas,lthomaso@netlog.com,02/12/1983
26,Wanda,Garrett,wgarrettp@jimdo.com,03/17/1958
27,Juan,Long,jlongq@wix.com,01/07/1952
28,Jacqueline,Wood,jwoodr@time.com,06/27/1990
29,Frances,Bradley,fbradleys@ning.com,07/11/2005
30,Steven,Palmer,spalmert@nasa.gov,07/06/1987
31,Craig,Moore,cmooreu@etsy.com,02/10/1996
32,Roy,Gomez,rgomezv@un.org,11/20/1978
33,Kathleen,Williams,kwilliamsw@hhs.gov,09/14/1954
34,Kenneth,Knight,kknightx@phoca.cz,06/06/1996
35,Patricia,Riley,prileyy@amazon.com,08/07/1991
36,Billy,Morgan,bmorganz@gmpg.org,01/24/1996
37,Mark,Long,mlong10@tamu.edu,05/10/1959
38,Carolyn,Warren,cwarren11@so-net.ne.jp,10/10/1951
39,Gerald,Simmons,gsimmons12@jalbum.net,01/02/1999
40,Theresa,Rose,trose13@barnesandnoble.com,06/28/1970
41,Ashley,Cooper,acooper14@smugmug.com,06/30/1994
42,Daniel,Johnston,djohnston15@imdb.com,11/09/1968
43,Martin,Reed,mreed16@dailymail.co.uk,01/19/1967
44,Timothy,Mendoza,tmendoza17@google.com.br,10/18/2008
45,Thomas,Williams,twilliams18@technorati.com,02/10/1972
46,Kimberly,Jordan,kjordan19@deliciousdays.com,08/19/1970
47,Jimmy,Nelson,jnelson1a@army.mil,01/31/1955
48,Ann,Wagner,awagner1b@mysql.com,05/20/1998
49,Jerry,Simpson,jsimpson1c@goodreads.com,09/27/2003
50,Andrea,Andrews,aandrews1d@is.gd,04/11/1999
51,Kelly,Price,kprice1e@tripadvisor.com,11/25/1950
52,Kathryn,Sims,ksims1f@illinois.edu,11/24/1959
53,Steve,Morgan,smorgan1g@sciencedirect.com,06/04/1955
54,Aaron,Griffin,agriffin1h@chron.com,06/23/1984
55,Howard,Nichols,hnichols1i@prweb.com,08/13/1980
56,Chris,Turner,cturner1j@walmart.com,05/31/1991
57,Christopher,Rose,crose1k@mozilla.org,03/23/1990
58,Martin,Porter,mporter1l@eventbrite.com,07/07/1962
59,Keith,Owens,kowens1m@mit.edu,07/02/1954
60,Ann,Gomez,agomez1n@arizona.edu,04/30/1963
61,Katherine,Hanson,khanson1o@so-net.ne.jp,03/01/2007
62,Gloria,Day,gday1p@boston.com,07/17/1967
63,Henry,Arnold,harnold1q@epa.gov,12/13/2008
64,Doris,Sims,dsims1r@163.com,08/24/1986
65,Judy,Cox,jcox1s@sciencedaily.com,10/21/2007
66,Betty,Fuller,bfuller1t@telegraph.co.uk,10/08/1983
67,Nancy,Matthews,nmatthews1u@hexun.com,11/17/2002
68,Jason,Long,jlong1v@cnbc.com,02/06/2002
69,Katherine,Kelley,kkelley1w@prweb.com,07/10/1952
70,Sarah,Lynch,slynch1x@free.fr,08/04/1967
71,Emily,Webb,ewebb1y@surveymonkey.com,06/24/1960
72,Bonnie,Campbell,bcampbell1z@vkontakte.ru,03/13/1972
73,Kimberly,Sanders,ksanders20@dailymotion.com,06/02/1990
74,Raymond,Johnston,rjohnston21@salon.com,10/09/2011
75,Lori,Perkins,lperkins22@theguardian.com,04/15/2011
76,Linda,Hudson,lhudson23@google.de,11/12/1966
77,Aaron,Reyes,areyes24@amazon.de,03/20/1968
78,Judith,Coleman,jcoleman25@google.cn,11/06/1993
79,Henry,Stephens,hstephens26@pagesperso-orange.fr,09/06/1982
80,Lisa,Ford,lford27@reddit.com,12/17/1961
81,Jeffrey,Cook,jcook28@sakura.ne.jp,05/17/1978
82,Harold,Sims,hsims29@gov.uk,09/14/1953
83,Wanda,Butler,wbutler2a@slashdot.org,06/03/1983
84,Theresa,Richardson,trichardson2b@wordpress.org,07/06/1950
85,Todd,Smith,tsmith2c@biglobe.ne.jp,11/09/2013
86,Douglas,Lynch,dlynch2d@dropbox.com,10/20/1990
87,Michelle,Knight,mknight2e@sfgate.com,11/09/1994
88,Jane,Hernandez,jhernandez2f@chron.com,04/27/1968
89,Chris,Jordan,cjordan2g@seesaa.net,08/17/1969
90,Clarence,Shaw,cshaw2h@google.it,10/30/1981
91,Mark,Pierce,mpierce2i@csmonitor.com,01/23/1984
92,Donald,Sanders,dsanders2j@abc.net.au,12/21/1970
93,Howard,Barnes,hbarnes2k@washington.edu,09/07/1971
94,Martha,Ross,mross2l@netvibes.com,09/12/1991
95,Scott,Chapman,schapman2m@amazon.de,02/01/1984
96,Jerry,Bishop,jbishop2n@samsung.com,02/03/1979
97,Evelyn,Boyd,eboyd2o@blog.com,02/05/1961
98,Linda,Little,llittle2p@washington.edu,12/11/1972
99,Julie,Harper,jharper2q@zimbio.com,09/16/1975
100,Bruce,Wallace,bwallace2r@prnewswire.com,02/20/1980
101,Cheryl,Dean,cdean2s@liveinternet.ru,07/16/1995
102,Antonio,Richards,arichards2t@nature.com,03/04/1982
103,Walter,Foster,wfoster2u@youtu.be,10/23/1974
104,Patricia,Powell,ppowell2v@tinypic.com,01/22/1957
105,Diana,Gardner,dgardner2w@ustream.tv,07/16/2013
106,Raymond,Ruiz,rruiz2x@elegantthemes.com,09/19/1979
107,John,Tucker,jtucker2y@wsj.com,09/09/2010
108,Terry,Gutierrez,tgutierrez2z@printfriendly.com,07/18/1998
109,Anne,Jones,ajones30@wix.com,11/14/1985
110,Dorothy,Berry,dberry31@jimdo.com,08/08/1978
111,Norma,Clark,nclark32@mac.com,07/25/1959
112,Katherine,Hughes,khughes33@opera.com,04/24/1978
113,Andrew,Morales,amorales34@narod.ru,01/03/1960
114,Jeffrey,Franklin,jfranklin35@lycos.com,01/19/1994
115,Sharon,Fox,sfox36@washington.edu,12/18/1987
116,Annie,Welch,awelch37@google.ru,12/19/1983
117,Matthew,Franklin,mfranklin38@msu.edu,08/26/2014
118,Evelyn,Wilson,ewilson39@google.ru,06/18/1987
119,Johnny,Crawford,jcrawford3a@arstechnica.com,07/18/1960
120,Jane,Jackson,jjackson3b@tinypic.com,09/21/1988
121,Harry,Mills,hmills3c@jugem.jp,03/03/1974
122,Rachel,Lawson,rlawson3d@state.tx.us,06/18/1975
123,Melissa,Ford,mford3e@cyberchimps.com,10/08/1987
124,Dorothy,Rice,drice3f@vistaprint.com,08/04/1950
125,Ruby,Cook,rcook3g@msu.edu,05/01/2003
126,Richard,Ruiz,rruiz3h@house.gov,08/06/1980
127,Barbara,Ray,bray3i@ebay.co.uk,02/11/1951
128,Scott,Stevens,sstevens3j@dell.com,04/10/1969
129,Jonathan,Sullivan,jsullivan3k@moonfruit.com,06/10/1956
130,Alice,Mason,amason3l@sciencedirect.com,11/21/1959
131,Randy,Peters,rpeters3m@acquirethisname.com,09/13/1985
132,Michelle,Morales,mmorales3n@amazon.com,09/15/1995
133,Kathryn,Coleman,kcoleman3o@acquirethisname.com,10/04/2006
134,Kimberly,Pierce,kpierce3p@reference.com,01/12/1988
135,Bonnie,West,bwest3q@lycos.com,02/27/1984
136,Bobby,Johnston,bjohnston3r@youku.com,10/29/1988
137,Doris,Baker,dbaker3s@a8.net,01/06/1990
138,Phillip,George,pgeorge3t@stumbleupon.com,10/26/1984
139,Lisa,Evans,levans3u@e-recht24.de,02/26/1996
140,Heather,Washington,hwashington3v@omniture.com,11/01/1955
141,Louis,West,lwest3w@sourceforge.net,01/31/1957
142,Barbara,Daniels,bdaniels3x@chicagotribune.com,04/26/1977
143,Stephen,Garcia,sgarcia3y@hibu.com,10/29/1995
144,Frank,Oliver,foliver3z@home.pl,10/05/1995
145,Brian,Cruz,bcruz40@wunderground.com,02/01/1952
146,Stephanie,Gonzales,sgonzales41@barnesandnoble.com,06/04/1965
147,David,Ramos,dramos42@squarespace.com,12/27/1955
148,Jerry,Meyer,jmeyer43@so-net.ne.jp,11/22/2008
149,Jennifer,Austin,jaustin44@mail.ru,04/10/1982
150,Jack,Phillips,jphillips45@japanpost.jp,04/12/1993
151,Shirley,Franklin,sfranklin46@chron.com,11/07/1951
152,Harry,Black,hblack47@weather.com,07/20/1971
153,David,Grant,dgrant48@instagram.com,10/01/2014
154,Michael,Wagner,mwagner49@who.int,01/19/2011
155,Norma,Rodriguez,nrodriguez4a@cbc.ca,11/27/1985
156,Diane,Richards,drichards4b@yahoo.com,02/06/2011
157,Jonathan,Crawford,jcrawford4c@squarespace.com,12/25/2009
158,Teresa,Hughes,thughes4d@reverbnation.com,02/09/2002
159,Betty,Ross,bross4e@google.com,10/18/1957
160,Lisa,Hughes,lhughes4f@who.int,01/24/1995
161,Adam,Patterson,apatterson4g@wikipedia.org,01/22/2013
162,Jonathan,Romero,jromero4h@prlog.org,01/20/1952
163,Kenneth,Hunt,khunt4i@baidu.com,06/18/1953
164,Sandra,Hamilton,shamilton4j@paginegialle.it,12/04/2012
165,Lori,Adams,ladams4k@theatlantic.com,03/19/1959
166,Judy,Edwards,jedwards4l@globo.com,06/15/1988
167,Nicole,Gilbert,ngilbert4m@ibm.com,02/13/1953
168,Carl,Williams,cwilliams4n@deliciousdays.com,05/25/2004
169,Phillip,Moore,pmoore4o@businesswire.com,10/25/1983
170,Ernest,Wallace,ewallace4p@twitpic.com,06/02/2003
171,Katherine,Phillips,kphillips4q@springer.com,09/11/1972
172,Philip,Stevens,pstevens4r@springer.com,08/15/2000
173,Sean,Knight,sknight4s@cbsnews.com,03/25/2003
174,Alice,Ward,award4t@japanpost.jp,10/10/2007
175,Stephanie,Romero,sromero4u@google.fr,02/08/1998
176,Frances,Hunt,fhunt4v@google.cn,12/06/1991
177,Kevin,Baker,kbaker4w@godaddy.com,04/13/1963
178,Ryan,Peters,rpeters4x@vkontakte.ru,08/06/1974
179,Julie,Rice,jrice4y@photobucket.com,04/21/1999
180,Annie,Palmer,apalmer4z@ed.gov,03/23/1962
181,Ruth,Ward,rward50@chronoengine.com,09/03/1961
182,Maria,Hamilton,mhamilton51@slate.com,03/18/1968
183,Judith,Johnston,jjohnston52@bizjournals.com,09/01/1987
184,Johnny,Coleman,jcoleman53@bbb.org,12/23/1992
185,Gary,Davis,gdavis54@skyrock.com,08/26/1986
186,Lois,James,ljames55@slideshare.net,10/07/1984
187,Ruth,Smith,rsmith56@wsj.com,04/03/1997
188,Antonio,Simpson,asimpson57@hp.com,04/13/1952
189,Shawn,Williamson,swilliamson58@sbwire.com,11/22/2007
190,Sarah,Fernandez,sfernandez59@infoseek.co.jp,06/10/1966
191,Roy,Murray,rmurray5a@engadget.com,04/18/1978
192,Gregory,Hayes,ghayes5b@hugedomains.com,11/01/2007
193,Jonathan,Walker,jwalker5c@kickstarter.com,07/22/2009
194,Pamela,Palmer,ppalmer5d@addtoany.com,10/30/1967
195,Johnny,Payne,jpayne5e@360.cn,06/10/1959
196,Anne,Mendoza,amendoza5f@deliciousdays.com,10/30/1987
197,Phyllis,Gonzales,pgonzales5g@adobe.com,05/31/2003
198,Brandon,Stanley,bstanley5h@rakuten.co.jp,11/23/1967
199,Ruth,Moreno,rmoreno5i@intel.com,01/17/1979
200,Norma,George,ngeorge5j@networksolutions.com,08/28/1987
201,Phyllis,Alexander,palexander5k@si.edu,11/06/1987
202,Roy,Gray,rgray5l@usgs.gov,10/17/1963
203,Debra,Riley,driley5m@edublogs.org,10/06/2008
204,Juan,Griffin,jgriffin5n@hao123.com,10/28/1979
205,Raymond,Lopez,rlopez5o@netscape.com,10/27/1962
206,Katherine,Richardson,krichardson5p@dot.gov,05/17/1955
207,Alice,Frazier,afrazier5q@time.com,06/12/2002
208,Benjamin,Parker,bparker5r@dmoz.org,10/11/1990
209,Matthew,Stanley,mstanley5s@nih.gov,05/12/1959
210,Fred,Andrews,fandrews5t@biglobe.ne.jp,09/05/2009
211,Tina,Richards,trichards5u@prnewswire.com,03/21/1951
212,Amy,Griffin,agriffin5v@bizjournals.com,02/18/1999
213,Julie,Lewis,jlewis5w@meetup.com,05/12/1978
214,Sandra,Sanders,ssanders5x@wp.com,12/09/2004
215,Ralph,Ryan,rryan5y@fema.gov,03/13/1988
216,Steve,Ward,sward5z@chron.com,03/25/1995
217,Aaron,Sanders,asanders60@icq.com,02/03/2013
218,Karen,Marshall,kmarshall61@goodreads.com,08/11/1967
219,Jason,Thompson,jthompson62@hud.gov,05/13/1983
220,Juan,Medina,jmedina63@ucoz.ru,10/19/1983
221,Shirley,Stevens,sstevens64@marketwatch.com,06/12/1967
222,Joshua,Larson,jlarson65@hud.gov,04/02/1983
223,Katherine,Gardner,kgardner66@senate.gov,09/23/1959
224,Shirley,Kim,skim67@weebly.com,06/15/2005
225,Mark,Scott,mscott68@nature.com,07/25/1974
226,Janet,Jenkins,jjenkins69@myspace.com,06/22/2014
227,Carolyn,Hall,chall6a@squarespace.com,11/06/1967
228,Alan,Ruiz,aruiz6b@surveymonkey.com,01/25/1978
229,Jennifer,Weaver,jweaver6c@lulu.com,06/19/1963
230,Shawn,Owens,sowens6d@mac.com,09/12/1992
231,Jason,Crawford,jcrawford6e@alexa.com,06/12/1966
232,Carlos,Thomas,cthomas6f@miitbeian.gov.cn,08/31/1980
233,Jimmy,Baker,jbaker6g@amazon.co.uk,07/23/1953
234,Susan,Ramos,sramos6h@msu.edu,10/16/1961
235,Brandon,Chavez,bchavez6i@mtv.com,12/07/1996
236,Todd,Washington,twashington6j@xinhuanet.com,06/02/1950
237,Diana,Woods,dwoods6k@unblog.fr,08/21/1953
238,Anna,Day,aday6l@hatena.ne.jp,12/09/1979
239,Thomas,Watson,twatson6m@com.com,12/12/1990
240,Joe,Phillips,jphillips6n@howstuffworks.com,05/20/2007
241,Helen,Medina,hmedina6o@va.gov,01/24/1991
242,Sean,Baker,sbaker6p@businessweek.com,09/22/2011
243,Susan,King,sking6q@soup.io,06/08/1972
244,Earl,Dean,edean6r@nationalgeographic.com,11/24/1967
245,Jack,James,jjames6s@bloglines.com,05/16/2013
246,Patrick,Harris,pharris6t@washingtonpost.com,12/10/1979
247,Ryan,Porter,rporter6u@goo.gl,08/11/1976
248,Kevin,Hayes,khayes6v@omniture.com,03/09/1957
249,Melissa,Robertson,mrobertson6w@github.com,04/26/2000
250,Cynthia,Palmer,cpalmer6x@europa.eu,03/14/2003
251,Jean,George,jgeorge6y@51.la,06/27/1955
252,Kenneth,Jenkins,kjenkins6z@ucoz.ru,07/10/1987
253,Wanda,Carr,wcarr70@usgs.gov,06/01/1961
254,Lillian,Carroll,lcarroll71@deliciousdays.com,06/23/1952
255,Martin,Burns,mburns72@slashdot.org,01/19/1995
256,Jack,Matthews,jmatthews73@wikimedia.org,03/30/1974
257,Bonnie,Carpenter,bcarpenter74@omniture.com,02/27/1955
258,Joe,Ramos,jramos75@berkeley.edu,05/20/2002
259,Kenneth,Thompson,kthompson76@hhs.gov,06/04/2001
260,Pamela,Carr,pcarr77@harvard.edu,04/06/1977
261,Jesse,Matthews,jmatthews78@sakura.ne.jp,03/22/1975
262,Adam,Burke,aburke79@stanford.edu,08/19/2013
263,Michelle,Mcdonald,mmcdonald7a@indiegogo.com,12/10/1958
264,Louis,Martinez,lmartinez7b@technorati.com,07/28/1960
265,Anne,Banks,abanks7c@huffingtonpost.com,05/17/1991
266,Maria,Green,mgreen7d@statcounter.com,07/02/2005
267,Elizabeth,Snyder,esnyder7e@columbia.edu,05/23/1960
268,Terry,Ryan,tryan7f@auda.org.au,07/23/1970
269,Irene,Adams,iadams7g@histats.com,06/27/2000
270,Margaret,Hill,mhill7h@bizjournals.com,09/13/1980
271,Doris,Fuller,dfuller7i@pagesperso-orange.fr,05/03/1978
272,Julie,Fox,jfox7j@icio.us,07/12/2006
273,Ralph,Alexander,ralexander7k@topsy.com,12/09/1996
274,Keith,Kelley,kkelley7l@loc.gov,09/27/1974
275,Benjamin,Burke,bburke7m@smugmug.com,10/27/1958
276,Janet,White,jwhite7n@imdb.com,09/27/1951
277,Carl,Holmes,cholmes7o@flavors.me,11/14/1953
278,Catherine,Day,cday7p@nps.gov,07/20/1963
279,George,Foster,gfoster7q@livejournal.com,05/26/1952
280,Sarah,Garza,sgarza7r@yellowbook.com,10/12/1971
281,Bobby,Parker,bparker7s@hatena.ne.jp,06/09/1965
282,Peter,Hudson,phudson7t@icio.us,12/22/1978
283,Brandon,Black,bblack7u@bloomberg.com,08/02/1973
284,Carlos,Smith,csmith7v@twitter.com,03/30/1958
285,Kathleen,Johnston,kjohnston7w@barnesandnoble.com,10/13/1998
286,Albert,Washington,awashington7x@mac.com,04/27/1954
287,Susan,Austin,saustin7y@mashable.com,12/31/1977
288,Aaron,Ramos,aramos7z@biblegateway.com,09/27/1953
289,Victor,Harrison,vharrison80@nifty.com,09/27/1999
290,Jeffrey,Berry,jberry81@slashdot.org,09/26/1966
291,Barbara,Lynch,blynch82@mlb.com,06/24/2010
292,Rose,Kim,rkim83@ca.gov,03/30/1980
293,Paula,Ramirez,pramirez84@theglobeandmail.com,01/25/1987
294,Jacqueline,Romero,jromero85@edublogs.org,05/14/2006
295,Fred,Gonzales,fgonzales86@youku.com,07/18/2007
296,Justin,Smith,jsmith87@printfriendly.com,02/03/1984
297,Ernest,Harris,eharris88@google.de,03/20/1980
298,Roy,Roberts,rroberts89@vinaora.com,12/26/1962
299,Aaron,Burns,aburns8a@oaic.gov.au,02/26/1954
300,Ryan,Davis,rdavis8b@ox.ac.uk,07/05/1980
301,Martin,Martinez,mmartinez8c@wp.com,02/15/1969
302,Ryan,Morgan,rmorgan8d@google.ru,09/19/1985
303,Cynthia,Ramirez,cramirez8e@imgur.com,01/15/1978
304,Sean,Harris,sharris8f@oaic.gov.au,09/23/1975
305,Ronald,Cole,rcole8g@arizona.edu,02/18/1982
306,Ashley,Sanchez,asanchez8h@usatoday.com,01/23/2011
307,Robin,Watkins,rwatkins8i@nymag.com,04/30/1999
308,Lillian,Perez,lperez8j@un.org,06/08/1988
309,Kathy,Duncan,kduncan8k@oracle.com,07/17/1962
310,Diana,Hamilton,dhamilton8l@devhub.com,08/31/1963
311,Anna,Wilson,awilson8m@multiply.com,08/25/2014
312,Sara,Harper,sharper8n@apache.org,08/25/2006
313,Jonathan,Alexander,jalexander8o@github.io,06/11/1977
314,Juan,Garza,jgarza8p@flavors.me,06/10/1999
315,Shawn,Reynolds,sreynolds8q@hhs.gov,07/24/2002
316,Michelle,Webb,mwebb8r@seattletimes.com,07/24/1959
317,Clarence,Woods,cwoods8s@google.ca,12/30/1956
318,Ronald,Foster,rfoster8t@bloglovin.com,06/23/1959
319,Benjamin,Dean,bdean8u@aboutads.info,03/07/1960
320,Donna,Fox,dfox8v@vimeo.com,02/22/1969
321,Gerald,Vasquez,gvasquez8w@gov.uk,07/06/1968
322,Robert,Sanders,rsanders8x@tuttocitta.it,10/21/1989
323,Benjamin,Evans,bevans8y@examiner.com,04/10/1988
324,Virginia,Bradley,vbradley8z@tripod.com,10/23/1968
325,Alan,Powell,apowell90@sciencedirect.com,12/25/1987
326,Tammy,Bradley,tbradley91@slashdot.org,06/23/1973
327,Nancy,Harvey,nharvey92@eepurl.com,08/15/1973
328,Doris,Wallace,dwallace93@tumblr.com,02/05/2006
329,Jeremy,Mason,jmason94@123-reg.co.uk,02/17/2010
330,Anne,Schmidt,aschmidt95@cbsnews.com,06/26/1972
331,Jason,Stanley,jstanley96@illinois.edu,06/11/1991
332,Louis,Reyes,lreyes97@bloglovin.com,05/18/1975
333,Steve,Morgan,smorgan98@cbsnews.com,10/12/1977
334,Todd,Evans,tevans99@loc.gov,10/21/1985
335,Robin,Price,rprice9a@ucsd.edu,08/01/1967
336,Alan,King,aking9b@buzzfeed.com,07/21/2010
337,Evelyn,Marshall,emarshall9c@jalbum.net,11/08/1978
338,Joshua,Fields,jfields9d@nih.gov,09/28/2000
339,Larry,Hansen,lhansen9e@jiathis.com,06/23/1972
340,Brandon,Duncan,bduncan9f@cargocollective.com,05/10/1992
341,Brenda,Kelly,bkelly9g@vinaora.com,09/11/1950
342,Norma,Gordon,ngordon9h@marketwatch.com,01/26/1979
343,Anthony,Nguyen,anguyen9i@163.com,07/08/1965
344,Robin,Dixon,rdixon9j@imgur.com,06/03/1989
345,Phillip,Rose,prose9k@baidu.com,01/15/2015
346,Phyllis,Ramirez,pramirez9l@weebly.com,06/29/1984
347,Denise,Mills,dmills9m@dedecms.com,03/30/1994
348,Anne,Gonzalez,agonzalez9n@bigcartel.com,06/21/1964
349,Sarah,Oliver,soliver9o@tinyurl.com,12/28/1985
350,Ann,Washington,awashington9p@sun.com,12/30/1997
351,Daniel,Carter,dcarter9q@facebook.com,08/17/1990
352,Donna,Holmes,dholmes9r@gizmodo.com,06/23/1977
353,Virginia,Chavez,vchavez9s@storify.com,09/28/1980
354,James,Harvey,jharvey9t@youtube.com,12/29/1956
355,Lisa,Morales,lmorales9u@answers.com,09/17/1988
356,Sean,Powell,spowell9v@ezinearticles.com,07/21/1997
357,Debra,Reyes,dreyes9w@webeden.co.uk,02/05/1969
358,Gary,Rice,grice9x@ameblo.jp,09/09/1986
359,Russell,Lawson,rlawson9y@tiny.cc,03/17/1956
360,Charles,Stanley,cstanley9z@state.gov,02/25/2009
361,Ashley,Lopez,alopeza0@hhs.gov,06/09/2010
362,Todd,Garcia,tgarciaa1@alexa.com,08/31/2012
363,Anne,Mason,amasona2@irs.gov,09/22/1951
364,Randy,Morris,rmorrisa3@answers.com,05/17/2007
365,Andrea,Hansen,ahansena4@360.cn,07/19/2014
366,Karen,Wagner,kwagnera5@usda.gov,03/12/1995
367,Frances,Sims,fsimsa6@wufoo.com,09/20/1954
368,Ronald,Miller,rmillera7@indiegogo.com,03/08/1975
369,Frank,Ford,fforda8@qq.com,07/10/2013
370,Kevin,Chavez,kchaveza9@si.edu,10/31/2013
371,Christopher,Ellis,cellisaa@php.net,09/19/1972
372,Marie,Mason,mmasonab@yale.edu,07/19/1970
373,Elizabeth,Burke,eburkeac@uiuc.edu,12/21/1972
374,Wanda,Crawford,wcrawfordad@moonfruit.com,11/30/1969
375,Sharon,Burton,sburtonae@tiny.cc,04/07/1976
376,Karen,Watson,kwatsonaf@drupal.org,03/01/1956
377,Andrew,Walker,awalkerag@chron.com,02/07/2014
378,Jose,Myers,jmyersah@skype.com,05/14/1960
379,Juan,Young,jyoungai@cmu.edu,04/09/1955
380,Linda,Gordon,lgordonaj@princeton.edu,09/24/1991
381,Larry,Gardner,lgardnerak@sciencedirect.com,06/07/2009
382,Lori,Peters,lpetersal@buzzfeed.com,03/08/1955
383,Shawn,Thompson,sthompsonam@google.com.au,06/07/2000
384,Ann,Phillips,aphillipsan@whitehouse.gov,03/01/1952
385,Judith,Robertson,jrobertsonao@cam.ac.uk,05/16/2012
386,Teresa,Ryan,tryanap@goo.ne.jp,09/05/1971
387,Phillip,Flores,pfloresaq@wikipedia.org,08/20/1998
388,Sandra,Mason,smasonar@ihg.com,10/27/2008
389,David,Gutierrez,dgutierrezas@stumbleupon.com,03/01/1965
390,Gregory,Moreno,gmorenoat@cbc.ca,12/09/2000
391,Jose,Morgan,jmorganau@columbia.edu,11/12/1985
392,Judith,Harrison,jharrisonav@usda.gov,06/29/2001
393,Sara,Hart,shartaw@elpais.com,10/15/2009
394,Benjamin,Campbell,bcampbellax@angelfire.com,12/18/1950
395,Mildred,Matthews,mmatthewsay@nbcnews.com,12/06/2011
396,Johnny,Meyer,jmeyeraz@telegraph.co.uk,04/06/2008
397,Doris,Bradley,dbradleyb0@yellowbook.com,03/10/1993
398,Louise,Alvarez,lalvarezb1@domainmarket.com,09/17/1968
399,Carolyn,Mccoy,cmccoyb2@hubpages.com,05/28/1988
400,Juan,Johnson,jjohnsonb3@topsy.com,09/17/1959
401,Henry,Franklin,hfranklinb4@shop-pro.jp,08/14/2010
402,Lisa,Wheeler,lwheelerb5@aboutads.info,08/28/2006
403,Harry,Barnes,hbarnesb6@wikipedia.org,04/12/2001
404,Linda,Lane,llaneb7@businessinsider.com,08/10/2003
405,Eugene,Spencer,espencerb8@taobao.com,05/24/1982
406,Phyllis,Berry,pberryb9@narod.ru,07/29/1972
407,Linda,George,lgeorgeba@go.com,09/06/2001
408,Anthony,Chapman,achapmanbb@hubpages.com,07/10/2012
409,Shawn,Lee,sleebc@columbia.edu,09/09/1978
410,Kevin,Wright,kwrightbd@gravatar.com,04/12/2004
411,Carolyn,Wright,cwrightbe@opensource.org,11/24/1953
412,Richard,Torres,rtorresbf@nymag.com,01/13/1951
413,Mildred,Fisher,mfisherbg@nature.com,04/06/1979
414,Benjamin,Gilbert,bgilbertbh@over-blog.com,10/25/1962
415,Judy,Kelley,jkelleybi@privacy.gov.au,03/12/1996
416,Ann,Reyes,areyesbj@storify.com,08/22/1991
417,Henry,Hill,hhillbk@instagram.com,06/20/2009
418,Tammy,Gardner,tgardnerbl@vimeo.com,04/02/2003
419,Harry,Gardner,hgardnerbm@w3.org,07/15/1959
420,Annie,Henry,ahenrybn@sogou.com,07/06/1958
421,Teresa,Armstrong,tarmstrongbo@netscape.com,03/03/1990
422,Harry,Martinez,hmartinezbp@skype.com,10/12/2010
423,Sarah,Webb,swebbbq@4shared.com,04/21/1964
424,Daniel,Howell,dhowellbr@opensource.org,10/29/2004
425,Sharon,Cunningham,scunninghambs@gov.uk,01/23/1986
426,Mark,Burns,mburnsbt@toplist.cz,07/13/1995
427,Aaron,Thomas,athomasbu@shop-pro.jp,02/09/1977
428,Emily,Ramos,eramosbv@aboutads.info,03/05/1976
429,Amy,Robinson,arobinsonbw@edublogs.org,03/09/2008
430,Timothy,Henderson,thendersonbx@archive.org,12/17/1967
431,Arthur,Marshall,amarshallby@google.de,05/11/1966
432,Clarence,Larson,clarsonbz@oaic.gov.au,01/17/1970
433,Randy,Torres,rtorresc0@illinois.edu,10/07/1951
434,Raymond,Snyder,rsnyderc1@tripod.com,11/04/2014
435,Joe,Powell,jpowellc2@jalbum.net,04/12/1964
436,Melissa,Price,mpricec3@webnode.com,11/08/1980
437,Jane,Phillips,jphillipsc4@about.me,11/03/1966
438,Deborah,Howard,dhowardc5@usgs.gov,08/11/1995
439,Ruth,Kennedy,rkennedyc6@linkedin.com,10/28/1965
440,Roger,Ortiz,rortizc7@mapy.cz,05/09/1989
441,Karen,Myers,kmyersc8@unesco.org,10/15/1991
442,Steve,Vasquez,svasquezc9@hao123.com,03/30/1984
443,Debra,Lawrence,dlawrenceca@ca.gov,01/12/1967
444,Jacqueline,Wallace,jwallacecb@usnews.com,04/07/2008
445,Louis,Myers,lmyerscc@blogspot.com,03/08/2013
446,Nancy,Miller,nmillercd@ft.com,03/24/1963
447,Pamela,Wood,pwoodce@earthlink.net,10/18/1959
448,Christine,Turner,cturnercf@wix.com,11/28/1958
449,Joe,Miller,jmillercg@diigo.com,03/18/1981
450,Eric,Montgomery,emontgomerych@example.com,03/08/1976
451,Harry,Fuller,hfullerci@skype.com,09/20/1954
452,Gloria,Gray,ggraycj@nba.com,06/11/2012
453,Jean,Murphy,jmurphyck@imgur.com,10/24/2000
454,Brian,Palmer,bpalmercl@pcworld.com,09/23/1961
455,Scott,Wells,swellscm@netvibes.com,10/06/1976
456,Jean,White,jwhitecn@ameblo.jp,01/04/2007
457,Ralph,Grant,rgrantco@wordpress.com,04/12/1952
458,Robin,Price,rpricecp@aol.com,06/05/2009
459,Doris,Diaz,ddiazcq@census.gov,04/17/1959
460,Judith,Thomas,jthomascr@ow.ly,11/05/1966
461,Joshua,Riley,jrileycs@cocolog-nifty.com,02/16/1999
462,Jeremy,Hayes,jhayesct@eventbrite.com,05/21/1999
463,Ruby,Olson,rolsoncu@sohu.com,11/29/1965
464,Nancy,Carpenter,ncarpentercv@cloudflare.com,01/20/1988
465,Elizabeth,Mendoza,emendozacw@alibaba.com,10/30/2013
466,Paul,Martin,pmartincx@engadget.com,03/01/1956
467,Eugene,Hudson,ehudsoncy@indiatimes.com,12/06/1955
468,Lois,Ford,lfordcz@discuz.net,09/17/1973
469,Christopher,Morrison,cmorrisond0@statcounter.com,06/22/2004
470,Stephanie,Allen,sallend1@reuters.com,01/28/2009
471,David,Tucker,dtuckerd2@wp.com,05/04/2005
472,Amy,Jordan,ajordand3@booking.com,08/19/1987
473,Rose,Flores,rfloresd4@photobucket.com,11/28/2008
474,Alice,Kelly,akellyd5@accuweather.com,07/04/1999
475,Lois,Brown,lbrownd6@webs.com,12/31/2009
476,Frank,Owens,fowensd7@ft.com,06/30/1996
477,Betty,Oliver,boliverd8@cbsnews.com,04/29/1976
478,Julie,Collins,jcollinsd9@typepad.com,03/17/1992
479,Matthew,Harvey,mharveyda@wired.com,05/25/1957
480,Carolyn,Diaz,cdiazdb@123-reg.co.uk,01/02/1999
481,Martin,Watson,mwatsondc@indiatimes.com,06/19/1953
482,Virginia,Rogers,vrogersdd@parallels.com,05/20/1964
483,Philip,Lopez,plopezde@miitbeian.gov.cn,03/15/1989
484,Jimmy,Turner,jturnerdf@myspace.com,06/06/1976
485,Frank,Hall,fhalldg@diigo.com,06/10/1998
486,Edward,Ruiz,eruizdh@skyrock.com,11/17/1951
487,Harold,Allen,hallendi@w3.org,09/24/1953
488,Samuel,Lynch,slynchdj@intel.com,04/04/1956
489,Alice,Bryant,abryantdk@netscape.com,01/28/1973
490,Willie,Hudson,whudsondl@amazonaws.com,04/05/2011
491,Patrick,Willis,pwillisdm@bloglines.com,06/29/1974
492,Lois,Larson,llarsondn@adobe.com,03/01/2000
493,Janet,Carter,jcarterdo@123-reg.co.uk,06/04/2013
494,Helen,Richardson,hrichardsondp@ocn.ne.jp,11/28/2012
495,Gerald,Garcia,ggarciadq@chicagotribune.com,09/03/1968
496,Mary,Hawkins,mhawkinsdr@lycos.com,11/21/2005
497,Susan,Oliver,soliverds@nsw.gov.au,06/01/2009
498,Matthew,Ortiz,mortizdt@dagondesign.com,06/03/2006
499,Mildred,Baker,mbakerdu@goo.ne.jp,12/09/1983
500,Henry,Dunn,hdunndv@who.int,08/29/1990

